1	2
1	4
1	6
1	7
1	8
1	9
1	10
1	12
1	13
1	14
1	16
17	1
17	18
17	19
17	20
17	21
17	22
17	23
17	24
17	25
17	26
17	27
17	28
17	29
17	30
17	6
17	31
17	32
17	33
17	34
17	35
17	36
17	37
17	9
17	38
17	39
17	40
17	41
17	42
17	43
17	44
17	45
17	46
17	12
17	13
17	47
17	14
17	48
17	49
17	50
17	51
52	53
52	54
52	55
58	59
58	27
58	60
58	61
58	62
58	63
58	64
58	65
58	66
58	43
58	67
58	45
58	68
58	69
58	70
58	71
58	72
58	50
78	79
78	80
78	81
78	82
78	37
78	83
78	10
78	13
78	49
78	51
78	84
87	88
87	43
89	79
89	22
89	23
89	90
89	27
89	91
89	6
89	92
89	93
89	44
89	12
95	79
95	22
95	96
95	97
95	23
95	90
95	24
95	27
95	98
95	99
95	91
95	80
95	100
95	6
95	101
95	64
95	102
95	103
95	8
95	104
95	105
95	106
95	93
95	9
95	107
95	108
95	38
95	83
95	40
95	42
95	109
95	110
95	69
95	72
95	12
95	13
95	47
95	48
95	111
95	49
95	112
95	51
95	113
95	114
95	115
95	116
95	117
95	119
95	120
95	121
95	122
95	123
95	124
95	55
95	125
95	126
95	127
128	89
128	129
128	20
128	59
128	130
128	79
128	4
128	131
128	96
128	132
128	24
128	133
128	134
128	135
128	99
128	75
128	136
128	30
128	137
128	61
128	138
128	139
128	6
128	140
128	33
128	34
128	104
128	141
128	93
128	142
128	107
128	38
128	53
128	39
128	40
128	41
128	43
128	69
128	143
128	46
128	144
128	12
128	47
128	14
128	49
128	145
128	146
128	147
128	50
128	148
149	150
149	79
149	96
149	27
149	151
149	80
149	152
149	153
149	108
149	83
149	40
149	42
149	44
149	109
149	154
149	72
149	13
149	48
149	76
149	51
149	121
149	155
156	76
18	149
18	2
18	79
18	22
18	157
18	23
18	133
18	27
18	158
18	6
18	103
18	38
18	159
18	41
18	43
18	45
18	68
18	154
18	71
18	46
18	12
18	14
18	146
18	112
18	160
161	23
161	162
161	163
169	1
169	20
169	170
169	97
169	23
169	98
169	99
169	171
169	151
169	75
169	158
169	91
169	80
169	6
169	172
169	153
169	9
169	108
169	83
169	41
169	109
169	68
169	143
169	12
169	173
169	166
169	174
169	175
169	176
169	177
169	121
169	178
179	19
179	99
179	91
179	6
179	64
179	180
179	8
179	9
179	108
179	181
179	159
179	68
179	182
179	12
179	112
179	51
179	113
179	183
179	55
2	19
2	129
2	184
2	185
2	24
2	186
2	27
2	34
2	187
2	8
2	38
2	83
2	42
2	109
2	10
2	143
2	188
2	46
2	12
2	13
2	166
2	57
2	76
2	113
2	189
2	190
19	2
19	19
19	165
19	184
19	185
19	24
19	186
19	34
19	187
19	8
19	38
19	83
19	42
19	109
19	188
19	46
19	12
19	13
19	76
19	113
19	183
129	192
129	23
129	24
129	186
129	30
129	6
129	193
129	46
129	50
129	127
194	170
194	75
194	195
194	8
194	196
194	197
194	76
194	198
20	128
20	150
20	199
20	23
20	134
20	200
20	201
20	27
20	151
20	202
20	30
20	203
20	204
20	6
20	140
20	205
20	64
20	206
20	207
20	208
20	108
20	83
20	39
20	209
20	69
20	71
20	143
20	12
20	13
20	47
20	210
20	49
20	167
20	145
20	211
20	112
150	212
150	213
150	22
150	90
150	99
150	151
150	91
150	101
150	214
150	152
150	102
150	103
150	104
150	106
150	81
150	107
150	108
150	215
150	83
150	216
150	42
150	68
150	12
150	217
150	166
150	112
150	51
150	113
150	218
150	219
150	220
150	84
150	221
150	222
223	39
223	43
223	224
223	55
225	226
227	25
227	228
227	229
212	24
212	91
212	230
231	99
231	91
231	9
231	49
231	163
232	233
59	58
59	89
59	150
59	212
59	234
59	79
59	235
59	236
59	192
59	4
59	165
59	22
59	184
59	237
59	23
59	26
59	27
59	99
59	171
59	151
59	75
59	238
59	239
59	240
59	30
59	61
59	63
59	241
59	91
59	32
59	152
59	64
59	33
59	102
59	242
59	187
59	103
59	172
59	8
59	141
59	105
59	106
59	81
59	243
59	9
59	244
59	107
59	38
59	215
59	53
59	245
59	246
59	159
59	83
59	40
59	247
59	44
59	109
59	45
59	68
59	110
59	69
59	143
59	248
59	182
59	46
59	72
59	249
59	12
59	13
59	217
59	47
59	14
59	173
59	49
59	250
59	167
59	211
59	251
59	112
59	50
59	51
59	198
59	55
252	35
252	105
252	66
252	253
252	48
252	49
254	79
254	4
254	90
254	6
254	32
254	69
254	122
199	39
199	43
199	257
258	212
258	235
258	259
258	4
258	22
258	131
258	260
258	23
258	90
258	25
258	26
258	27
258	261
258	158
258	240
258	91
258	80
258	6
258	101
258	32
258	187
258	103
258	8
258	262
258	197
258	82
258	93
258	244
258	107
258	108
258	38
258	53
258	246
258	83
258	40
258	42
258	109
258	193
258	69
258	182
258	12
258	14
258	49
258	112
258	76
258	51
258	219
258	222
258	126
264	36
271	186
271	76
271	163
130	129
79	89
79	18
79	2
79	212
79	165
79	282
79	22
79	170
79	96
79	74
79	90
79	24
79	200
79	27
79	98
79	99
79	171
79	151
79	75
79	158
79	283
79	241
79	91
79	6
79	101
79	140
79	32
79	284
79	103
79	172
79	8
79	36
79	106
79	243
79	265
79	153
79	9
79	244
79	107
79	108
79	38
79	246
79	83
79	39
79	40
79	277
79	42
79	43
79	44
79	154
79	193
79	69
79	71
79	46
79	249
79	12
79	13
79	285
79	14
79	111
79	49
79	167
79	211
79	286
79	112
79	266
79	287
79	50
79	51
288	212
288	79
288	289
288	99
288	265
288	290
288	39
288	12
288	76
288	51
235	89
235	212
235	258
235	79
235	192
235	4
235	22
235	184
235	185
235	131
235	74
235	90
235	25
235	200
235	26
235	27
235	291
235	99
235	171
235	75
235	158
235	240
235	61
235	203
235	138
235	91
235	292
235	101
235	32
235	152
235	64
235	102
235	103
235	207
235	104
235	106
235	81
235	243
235	265
235	82
235	293
235	93
235	9
235	294
235	244
235	108
235	53
235	246
235	295
235	40
235	42
235	110
235	193
235	69
235	143
235	182
235	46
235	72
235	12
235	13
235	47
235	296
235	14
235	111
235	49
235	211
235	286
235	76
235	51
235	55
236	297
236	163
299	59
299	171
299	238
299	63
299	45
299	71
299	300
299	50
281	258
281	306
281	79
281	235
281	192
281	4
281	22
281	184
281	131
281	97
281	260
281	26
281	99
281	28
281	240
281	307
281	32
281	308
281	103
281	309
281	8
281	81
281	82
281	310
281	108
281	53
281	40
281	154
281	311
281	312
281	69
281	12
281	167
281	313
4	234
4	235
4	315
4	260
4	26
4	240
4	91
4	6
4	316
4	82
4	53
4	83
4	40
317	59
317	131
317	135
317	238
317	240
317	61
317	63
317	65
317	249
317	55
165	2
165	79
165	96
165	99
165	61
165	152
165	265
165	153
165	108
165	38
165	40
165	42
165	109
165	154
165	312
165	72
165	13
165	48
165	167
165	189
165	117
165	177
165	121
282	149
282	79
282	165
282	22
282	184
282	96
282	23
282	90
282	24
282	27
282	291
282	99
282	158
282	136
282	307
282	91
282	80
282	284
282	103
282	172
282	35
282	36
282	153
282	108
282	38
282	40
282	109
282	154
282	46
282	72
282	12
282	13
282	48
282	49
282	167
282	76
320	136
320	195
320	205
320	112
320	50
213	8
321	170
321	197
22	89
22	95
22	212
22	234
22	79
22	165
22	282
22	170
22	96
22	23
22	74
22	90
22	134
22	200
22	26
22	27
22	98
22	99
22	171
22	151
22	75
22	158
22	203
22	91
22	80
22	6
22	101
22	140
22	32
22	205
22	152
22	64
22	33
22	102
22	103
22	172
22	207
22	8
22	104
22	36
22	105
22	106
22	81
22	243
22	265
22	153
22	82
22	37
22	93
22	9
22	244
22	107
22	108
22	38
22	215
22	53
22	245
22	246
22	83
22	290
22	39
22	40
22	322
22	42
22	43
22	44
22	109
22	68
22	10
22	110
22	154
22	69
22	182
22	278
22	46
22	72
22	12
22	13
22	217
22	47
22	14
22	48
22	173
22	49
22	167
22	146
22	211
22	286
22	112
22	266
22	50
22	51
289	2
289	288
289	235
289	4
289	170
289	90
289	24
289	75
289	158
289	91
289	6
289	32
289	64
289	284
289	103
289	172
289	8
289	323
289	93
289	107
289	290
289	324
289	12
289	49
289	112
289	50
289	222
325	150
325	130
325	79
325	192
325	184
325	157
325	131
325	96
325	326
325	23
325	74
325	90
325	24
325	186
325	26
325	99
325	275
325	241
325	91
325	6
325	292
325	32
325	33
325	34
325	102
325	327
325	8
325	104
325	106
325	81
325	265
325	244
325	108
325	38
325	53
325	83
325	40
325	228
325	43
325	109
325	45
325	10
325	193
325	143
325	12
325	13
325	47
325	14
325	173
325	328
325	49
325	211
325	76
325	50
325	51
325	329
325	124
184	214
184	284
184	53
157	18
157	2
157	19
157	4
157	165
157	88
157	23
157	27
157	99
157	6
157	32
157	33
157	172
157	35
157	8
157	36
157	9
157	159
157	83
157	41
157	68
157	193
157	70
157	46
157	13
157	14
157	48
157	173
157	112
157	331
157	51
157	114
157	332
333	6
333	334
335	95
335	23
335	186
335	27
335	80
335	6
335	32
335	35
335	53
335	13
335	166
335	49
335	77
335	121
170	75
170	197
170	113
131	1
131	4
131	260
131	26
131	336
131	275
131	261
131	240
131	187
131	8
131	262
131	93
131	53
131	246
131	83
131	277
131	337
131	278
131	51
131	113
131	338
131	339
131	183
131	121
131	340
96	89
96	95
96	128
96	149
96	18
96	19
96	212
96	79
96	165
96	282
96	22
96	23
96	74
96	90
96	200
96	27
96	98
96	99
96	151
96	158
96	241
96	91
96	80
96	6
96	292
96	101
96	140
96	32
96	205
96	152
96	64
96	102
96	103
96	104
96	36
96	105
96	106
96	81
96	153
96	9
96	244
96	107
96	108
96	38
96	245
96	83
96	40
96	41
96	42
96	43
96	44
96	109
96	110
96	154
96	193
96	69
96	345
96	182
96	346
96	72
96	12
96	13
96	47
96	347
96	14
96	48
96	111
96	49
96	146
96	211
96	286
96	112
96	266
96	76
96	50
96	51
97	95
97	4
97	26
97	100
97	9
97	310
97	43
97	312
97	49
97	51
97	348
97	219
97	303
97	349
97	350
97	77
97	148
97	117
97	84
97	119
97	224
97	351
97	120
97	168
97	352
97	353
97	123
97	124
97	55
97	125
97	222
97	126
97	127
356	4
356	6
356	8
356	249
356	113
237	79
237	357
237	27
237	283
237	358
237	359
237	360
237	292
237	33
237	141
237	243
237	108
237	38
237	246
237	247
237	41
237	278
237	300
237	14
237	48
237	173
237	167
237	112
237	361
363	163
132	10
132	113
132	177
369	370
369	371
369	220
369	372
369	373
369	55
326	79
326	165
326	325
326	96
326	23
326	27
326	241
326	6
326	32
326	33
326	104
326	38
326	40
326	109
326	10
326	110
326	193
326	143
326	46
326	12
326	13
326	47
326	49
326	211
326	76
326	50
326	51
260	79
260	235
260	22
260	131
260	74
260	90
260	26
260	99
260	240
260	136
260	91
260	32
260	35
260	104
260	82
260	93
260	9
260	244
260	108
260	53
260	83
260	109
260	110
260	72
260	12
260	13
260	47
260	49
260	211
260	376
260	112
377	30
378	32
378	233
378	105
378	14
378	303
378	379
380	172
23	18
23	161
23	169
23	2
23	19
23	129
23	20
23	150
23	212
23	234
23	79
23	4
23	165
23	282
23	22
23	325
23	184
23	157
23	96
23	381
23	326
23	380
23	74
23	90
23	24
23	200
23	27
23	99
23	171
23	151
23	75
23	158
23	239
23	136
23	30
23	137
23	63
23	382
23	138
23	241
23	91
23	80
23	383
23	140
23	32
23	205
23	233
23	64
23	102
23	242
23	172
23	207
23	104
23	106
23	243
23	265
23	153
23	82
23	9
23	294
23	244
23	107
23	108
23	38
23	83
23	40
23	41
23	42
23	43
23	44
23	109
23	45
23	10
23	110
23	154
23	193
23	209
23	69
23	71
23	143
23	278
23	46
23	72
23	12
23	13
23	384
23	47
23	296
23	210
23	14
23	48
23	111
23	49
23	385
23	146
23	211
23	112
23	76
23	287
23	50
23	51
23	113
90	150
90	212
90	258
90	22
90	289
90	98
90	158
90	136
90	91
90	6
90	214
90	102
90	284
90	103
90	172
90	104
90	106
90	81
90	37
90	310
90	108
90	389
90	83
90	44
90	109
90	68
90	390
90	48
90	111
90	166
90	51
90	391
90	219
90	367
90	84
90	168
90	160
90	353
90	123
90	392
90	222
393	235
393	165
393	97
393	27
393	99
393	171
393	80
393	6
393	153
393	9
393	53
393	41
393	154
393	312
393	12
393	266
393	394
393	177
393	121
133	212
133	24
133	27
133	98
133	99
133	91
133	6
133	36
133	243
133	265
133	39
133	43
133	10
133	182
133	144
133	13
133	51
133	189
396	4
396	170
396	131
396	260
396	8
399	19
399	194
399	212
399	192
399	88
399	186
399	26
399	400
399	6
399	401
399	7
399	38
399	43
399	384
399	402
399	403
399	148
134	128
134	20
134	150
134	130
134	22
134	131
134	200
134	99
134	32
134	142
134	107
134	110
134	12
134	47
134	50
134	163
405	4
405	22
405	30
405	406
405	407
405	34
405	172
405	108
405	408
405	215
405	40
405	217
405	296
405	48
405	173
405	55
200	20
200	235
200	96
200	24
200	134
200	291
200	410
200	80
200	411
200	6
200	205
200	64
200	33
200	103
200	172
200	104
200	105
200	153
200	412
200	413
200	108
200	66
200	83
200	247
200	42
200	193
200	12
200	13
200	296
200	210
200	48
200	49
200	211
200	76
200	51
200	189
200	121
200	155
201	128
201	20
201	134
201	406
201	137
201	414
201	6
201	140
201	32
201	207
201	415
201	105
201	215
201	322
201	43
201	72
201	12
201	416
201	14
201	145
201	147
186	130
186	144
26	79
26	235
26	22
26	260
26	90
26	99
26	240
26	136
26	91
26	6
26	32
26	205
26	103
26	35
26	104
26	82
26	93
26	9
26	244
26	108
26	53
26	83
26	109
26	110
26	72
26	12
26	13
26	47
26	173
26	49
26	211
26	112
421	27
421	80
421	334
421	46
421	113
422	281
422	136
422	8
422	10
422	14
422	266
422	423
422	163
27	89
27	95
27	129
27	150
27	212
27	130
27	79
27	96
27	23
27	74
27	90
27	24
27	98
27	99
27	151
27	275
27	75
27	241
27	91
27	101
27	32
27	205
27	152
27	64
27	102
27	103
27	35
27	8
27	424
27	104
27	105
27	106
27	82
27	9
27	244
27	107
27	108
27	66
27	40
27	41
27	42
27	44
27	109
27	110
27	193
27	69
27	143
27	182
27	46
27	72
27	144
27	12
27	13
27	47
27	14
27	48
27	111
27	49
27	146
27	211
27	112
27	50
27	51
27	113
27	425
135	58
135	128
135	20
135	234
135	59
135	254
135	258
135	79
135	317
135	184
135	260
135	23
135	74
135	27
135	99
135	238
135	136
135	61
135	63
135	32
135	65
135	8
135	243
135	37
135	413
135	310
135	108
135	38
135	53
135	83
135	45
135	10
135	69
135	249
135	300
135	173
135	211
135	286
135	76
135	50
291	282
291	200
291	47
291	429
98	79
98	184
98	96
98	90
98	24
98	27
98	99
98	158
98	91
98	6
98	102
98	284
98	103
98	172
98	36
98	106
98	108
98	40
98	345
98	12
98	296
98	166
98	76
98	51
98	219
98	353
98	222
430	234
430	30
430	144
430	217
99	150
99	212
99	79
99	165
99	22
99	184
99	23
99	74
99	90
99	24
99	133
99	26
99	27
99	336
99	239
99	136
99	241
99	91
99	6
99	292
99	32
99	102
99	187
99	103
99	309
99	172
99	104
99	106
99	81
99	93
99	9
99	244
99	107
99	108
99	38
99	83
99	40
99	277
99	41
99	42
99	109
99	110
99	193
99	69
99	12
99	13
99	47
99	14
99	48
99	49
99	146
99	112
99	147
99	50
99	51
99	114
99	189
99	177
431	1
431	235
431	26
431	240
431	102
431	242
431	246
431	76
431	379
171	169
171	2
171	59
171	235
171	192
171	4
171	22
171	23
171	26
171	99
171	151
171	158
171	238
171	61
171	400
171	63
171	414
171	91
171	6
171	383
171	33
171	65
171	102
171	187
171	172
171	8
171	104
171	141
171	153
171	9
171	294
171	244
171	107
171	334
171	66
171	53
171	40
171	42
171	43
171	45
171	432
171	68
171	10
171	433
171	154
171	209
171	278
171	46
171	72
171	12
171	13
171	300
171	210
171	434
171	49
171	167
171	435
171	211
171	112
171	50
171	436
171	55
171	437
438	14
438	163
439	88
439	440
441	83
151	58
151	89
151	149
151	169
151	2
151	20
151	150
151	59
151	79
151	165
151	22
151	184
151	96
151	23
151	90
151	186
151	27
151	336
151	99
151	171
151	158
151	136
151	30
151	63
151	6
151	383
151	101
151	140
151	32
151	152
151	64
151	33
151	34
151	102
151	242
151	103
151	207
151	105
151	106
151	81
151	243
151	153
151	37
151	9
151	294
151	244
151	107
151	108
151	38
151	66
151	159
151	39
151	40
151	42
151	43
151	44
151	109
151	45
151	68
151	110
151	193
151	209
151	69
151	71
151	143
151	182
151	278
151	46
151	72
151	144
151	13
151	217
151	47
151	210
151	14
151	48
151	111
151	49
151	250
151	167
151	145
151	112
151	266
151	76
151	50
151	51
151	368
444	445
444	55
28	89
28	192
28	281
28	4
28	184
28	131
28	97
28	27
28	307
28	187
28	8
28	310
28	107
28	108
28	53
28	83
28	40
28	12
28	167
28	76
28	113
28	117
28	446
275	130
275	24
275	186
275	27
275	336
275	6
275	32
275	8
275	105
275	93
275	107
275	108
275	53
275	344
275	40
275	42
275	69
275	72
275	47
275	49
275	51
261	212
261	170
261	336
261	75
261	136
261	6
261	32
261	284
261	8
261	262
261	197
261	66
261	53
261	246
261	83
261	249
261	14
261	166
261	266
261	51
261	198
75	212
75	170
75	336
75	261
75	136
75	6
75	32
75	284
75	8
75	323
75	262
75	197
75	66
75	53
75	246
75	83
75	249
75	14
75	166
75	266
75	51
75	198
158	89
158	79
158	22
158	170
158	90
158	24
158	91
158	80
158	6
158	284
158	172
158	106
158	81
158	153
158	37
158	108
158	38
158	53
158	83
158	40
158	345
158	346
158	12
158	48
158	167
158	266
158	51
158	113
158	219
158	222
202	4
202	88
202	8
202	9
202	193
202	48
202	387
461	90
461	133
461	25
461	158
461	30
461	91
461	6
461	103
461	172
461	104
461	105
461	107
461	53
461	246
461	39
461	42
461	43
461	10
461	110
461	69
461	345
461	71
461	12
461	49
461	167
461	112
461	113
461	219
461	121
461	168
461	462
461	55
461	127
238	58
238	128
238	234
238	59
238	254
238	258
238	299
238	4
238	317
238	184
238	131
238	260
238	90
238	24
238	135
238	171
238	75
238	240
238	61
238	63
238	241
238	358
238	463
238	33
238	34
238	65
238	102
238	104
238	243
238	413
238	244
238	108
238	38
238	53
238	246
238	40
238	109
238	45
238	68
238	154
238	69
238	71
238	72
238	249
238	12
238	173
238	211
238	286
238	112
238	361
238	50
238	367
238	464
239	99
239	75
239	466
239	163
240	258
240	235
240	4
240	22
240	184
240	260
240	25
240	26
240	27
240	238
240	467
240	195
240	101
240	284
240	187
240	8
240	104
240	243
240	82
240	93
240	9
240	244
240	107
240	108
240	53
240	246
240	69
240	46
240	249
240	14
240	49
29	17
29	212
29	130
29	79
29	22
29	184
29	97
29	74
29	24
29	27
29	99
29	75
29	470
29	63
29	80
29	471
29	6
29	64
29	33
29	34
29	103
29	472
29	35
29	8
29	36
29	9
29	310
29	53
29	83
29	40
29	45
29	68
29	71
29	143
29	46
29	72
29	12
29	13
29	47
29	14
29	473
29	49
29	112
29	76
29	50
29	474
29	55
60	1
60	58
60	19
60	4
60	366
60	184
60	90
60	24
60	25
60	186
60	26
60	27
60	75
60	136
60	30
60	283
60	400
60	360
60	6
60	292
60	32
60	103
60	476
60	35
60	9
60	38
60	66
60	53
60	45
60	193
60	143
60	144
60	12
60	14
60	477
60	166
60	112
60	51
60	436
60	113
60	303
60	127
478	2
478	184
478	186
478	99
478	75
478	479
478	8
478	46
307	381
307	482
283	2
283	27
283	141
283	9
283	215
283	68
283	458
283	57
283	436
283	371
283	483
283	484
283	485
283	486
283	487
283	127
410	200
410	75
410	91
410	35
410	108
410	53
410	40
410	76
410	51
410	113
410	183
410	198
410	222
406	1
406	149
406	22
406	184
406	96
406	90
406	24
406	405
406	26
406	336
406	99
406	438
406	6
406	284
406	103
406	35
406	207
406	197
406	105
406	243
406	265
406	108
406	109
406	10
406	154
406	182
406	12
406	13
406	14
406	48
406	167
137	89
137	128
137	2
137	258
137	22
137	184
137	131
137	24
137	27
137	99
137	438
137	75
137	202
137	136
137	30
137	400
137	414
137	91
137	491
137	80
137	6
137	101
137	32
137	64
137	34
137	103
137	104
137	93
137	9
137	107
137	108
137	408
137	53
137	246
137	83
137	492
137	269
137	69
137	249
137	12
137	13
137	47
137	493
137	49
137	57
137	50
61	58
61	128
61	234
61	59
61	254
61	258
61	79
61	235
61	317
61	165
61	260
61	27
61	135
61	171
61	158
61	238
61	63
61	358
61	6
61	463
61	33
61	65
61	104
61	243
61	153
61	413
61	108
61	45
61	10
61	71
61	249
61	12
61	300
61	173
61	286
61	112
61	361
61	50
62	9
62	495
203	20
203	150
203	22
203	131
203	74
203	24
203	64
203	104
203	141
203	42
203	109
203	248
203	384
203	49
466	186
466	239
466	136
466	30
466	32
466	49
466	251
466	76
276	32
276	47
63	58
63	223
63	234
63	59
63	254
63	258
63	235
63	299
63	317
63	97
63	381
63	369
63	26
63	135
63	275
63	238
63	307
63	61
63	80
63	6
63	64
63	33
63	242
63	187
63	207
63	243
63	53
63	40
63	45
63	68
63	312
63	209
63	500
63	249
63	347
63	173
63	286
63	57
63	50
63	474
63	86
63	394
63	224
63	177
63	121
63	501
63	55
503	504
503	182
382	23
382	186
382	27
382	171
382	6
382	9
382	42
382	143
382	72
138	128
138	2
138	130
138	235
138	96
138	23
138	27
138	99
138	32
138	8
138	9
138	10
138	143
138	48
414	2
414	25
414	201
414	27
414	171
414	137
414	32
414	205
414	505
414	506
414	163
241	2
241	19
241	79
241	235
241	4
241	165
241	88
241	213
241	170
241	131
241	23
241	25
241	26
241	27
241	99
241	431
241	75
241	136
241	91
241	80
241	6
241	101
241	32
241	233
241	102
241	284
241	103
241	8
241	104
241	262
241	36
241	197
241	82
241	9
241	108
241	38
241	53
241	40
241	10
241	69
241	345
241	46
241	72
241	249
241	13
241	14
241	48
241	211
241	112
241	76
241	50
241	51
241	121
508	234
508	264
508	4
508	75
508	80
508	6
508	32
508	206
508	35
508	8
508	262
508	197
508	53
508	509
508	51
359	132
359	75
359	6
359	172
359	424
359	53
359	266
91	79
91	284
91	103
91	81
91	51
520	271
520	28
520	521
520	53
520	83
520	40
520	12
520	416
520	14
521	271
521	28
521	520
521	53
521	83
521	40
521	12
521	416
521	14
491	24
491	35
491	8
491	12
491	49
80	27
80	46
467	25
467	8
467	53
467	12
467	76
467	163
204	20
204	43
360	8
360	53
100	40
100	391
100	348
407	79
407	4
407	405
407	26
407	28
407	136
407	32
407	144
411	149
411	200
411	158
411	307
411	241
411	205
411	265
411	244
411	38
411	290
411	68
411	14
411	49
411	266
479	19
479	192
479	4
479	22
479	184
479	133
479	25
479	27
479	75
479	136
479	478
479	91
479	6
479	33
479	102
479	187
479	103
479	35
479	8
479	104
479	9
479	108
479	53
479	246
479	83
479	40
479	44
479	68
479	72
479	12
479	13
479	217
479	47
479	166
479	266
479	51
471	29
471	242
471	527
6	136
6	80
6	153
6	112
6	394
6	121
6	462
292	19
292	212
292	130
292	235
292	96
292	90
292	24
292	186
292	26
292	27
292	99
292	241
292	80
292	6
292	32
292	103
292	172
292	8
292	265
292	9
292	108
292	38
292	109
292	10
292	154
292	193
292	143
292	144
292	13
292	49
292	211
292	175
292	112
292	51
532	27
532	99
532	12
31	17
31	133
31	98
31	80
31	139
31	32
31	533
31	8
31	310
31	534
31	51
31	370
31	303
31	535
31	536
31	537
31	538
31	539
31	540
401	399
401	186
401	7
401	402
383	23
383	35
383	83
383	109
383	183
541	157
541	105
541	43
541	70
195	235
195	184
195	131
195	8
195	53
545	76
545	403
545	546
545	536
545	547
545	222
101	95
101	19
101	22
101	96
101	90
101	24
101	186
101	27
101	241
101	91
101	6
101	32
101	102
101	103
101	35
101	8
101	104
101	153
101	93
101	108
101	245
101	246
101	83
101	40
101	42
101	43
101	44
101	110
101	69
101	182
101	12
101	13
101	47
101	111
101	211
101	112
101	50
101	51
101	113
214	90
214	108
214	83
214	222
548	2
548	234
548	4
548	184
548	336
548	75
548	6
548	32
548	33
548	35
548	8
548	108
548	549
548	109
548	278
548	249
548	12
548	48
140	20
140	22
140	242
140	9
140	245
140	43
140	12
140	49
140	112
140	50
552	149
552	104
273	8
557	184
557	99
557	80
557	558
557	6
557	64
557	153
557	159
557	42
557	45
557	432
557	535
32	89
32	95
32	149
32	18
32	2
32	19
32	150
32	212
32	560
32	234
32	59
32	263
32	130
32	235
32	320
32	213
32	22
32	325
32	184
32	131
32	305
32	23
32	90
32	24
32	25
32	134
32	200
32	186
32	26
32	27
32	98
32	99
32	151
32	275
32	75
32	240
32	136
32	30
32	276
32	138
32	414
32	241
32	91
32	80
32	6
32	383
32	195
32	101
32	548
32	205
32	152
32	33
32	34
32	102
32	284
32	187
32	103
32	207
32	8
32	104
32	262
32	105
32	106
32	81
32	243
32	82
32	93
32	9
32	244
32	107
32	108
32	38
32	504
32	561
32	53
32	245
32	83
32	39
32	40
32	562
32	322
32	42
32	43
32	44
32	109
32	68
32	110
32	154
32	69
32	143
32	248
32	46
32	72
32	249
32	144
32	12
32	13
32	47
32	347
32	14
32	48
32	173
32	111
32	166
32	49
32	167
32	211
32	112
32	266
32	50
32	51
566	163
566	126
205	12
205	296
205	51
152	89
152	235
152	27
152	265
152	108
152	42
152	68
152	50
233	150
233	225
233	232
233	79
233	132
233	378
233	380
233	23
233	133
233	283
233	241
233	140
233	242
233	36
233	141
233	108
233	38
233	39
233	40
233	43
233	45
233	68
233	110
233	248
233	12
233	217
233	568
233	458
233	49
233	211
233	57
233	50
233	51
233	115
233	116
233	148
233	537
233	519
570	91
570	187
571	527
572	133
572	186
572	6
572	43
572	121
64	58
64	95
64	149
64	18
64	179
64	2
64	129
64	20
64	227
64	212
64	234
64	59
64	258
64	130
64	79
64	235
64	366
64	165
64	22
64	289
64	184
64	157
64	170
64	131
64	96
64	23
64	200
64	26
64	27
64	438
64	151
64	158
64	136
64	406
64	137
64	203
64	63
64	138
64	521
64	80
64	360
64	101
64	557
64	32
64	152
64	233
64	570
64	33
64	242
64	187
64	103
64	172
64	207
64	8
64	104
64	197
64	105
64	106
64	81
64	243
64	265
64	153
64	37
64	93
64	9
64	294
64	244
64	108
64	66
64	53
64	159
64	577
64	83
64	40
64	492
64	41
64	42
64	67
64	578
64	109
64	45
64	68
64	10
64	110
64	154
64	269
64	209
64	69
64	71
64	143
64	182
64	579
64	278
64	46
64	72
64	12
64	217
64	47
64	296
64	210
64	48
64	173
64	111
64	166
64	49
64	250
64	167
64	146
64	286
64	112
64	147
64	57
64	76
64	50
64	51
64	113
64	580
64	581
64	183
64	163
64	582
64	583
64	121
64	353
64	584
64	368
33	19
33	130
33	79
33	235
33	165
33	22
33	184
33	24
33	200
33	27
33	99
33	151
33	158
33	91
33	80
33	6
33	32
33	242
33	103
33	35
33	8
33	243
33	265
33	244
33	108
33	40
33	42
33	70
33	46
33	72
33	13
33	217
33	14
33	167
33	211
33	51
34	129
34	186
34	6
34	49
65	58
65	234
65	59
65	254
65	258
65	235
65	299
65	317
65	260
65	135
65	171
65	238
65	61
65	63
65	243
65	108
65	45
65	249
65	173
65	286
65	50
65	55
102	212
102	79
102	235
102	22
102	96
102	90
102	27
102	98
102	99
102	241
102	91
102	152
102	103
102	172
102	104
102	106
102	81
102	37
102	9
102	244
102	40
102	42
102	109
102	193
102	13
102	296
102	48
102	76
102	51
102	114
102	183
102	350
102	84
102	222
284	212
284	90
284	261
284	75
284	91
284	166
284	51
242	2
242	19
242	234
242	130
242	22
242	369
242	23
242	186
242	27
242	171
242	151
242	383
242	233
242	64
242	33
242	207
242	589
242	104
242	105
242	153
242	294
242	244
242	38
242	66
242	159
242	109
242	68
242	10
242	193
242	143
242	144
242	47
242	210
242	55
308	187
187	2
187	4
187	184
187	381
187	430
187	28
187	136
187	358
187	32
187	308
187	8
187	262
187	82
187	9
187	107
187	108
187	53
187	83
187	312
187	12
187	51
103	212
103	91
103	6
103	105
103	40
180	51
180	113
180	114
180	425
180	593
180	183
180	485
180	119
180	120
180	594
180	125
180	126
206	19
206	20
206	235
206	170
206	186
206	26
206	75
206	136
206	8
206	53
206	143
206	46
309	179
309	2
309	282
309	184
309	131
309	97
309	27
309	99
309	171
309	239
309	241
309	91
309	80
309	31
309	195
309	101
309	32
309	33
309	102
309	8
309	106
309	108
309	245
309	595
309	290
309	69
309	46
309	14
309	48
309	173
309	167
309	596
476	60
476	143
476	473
476	49
476	183
172	95
172	149
172	169
172	150
172	212
172	79
172	165
172	282
172	22
172	23
172	74
172	90
172	24
172	25
172	200
172	27
172	99
172	151
172	75
172	158
172	241
172	91
172	80
172	6
172	292
172	32
172	64
172	102
172	103
172	35
172	106
172	81
172	243
172	265
172	412
172	37
172	9
172	107
172	108
172	38
172	83
172	40
172	42
172	44
172	109
172	68
172	10
172	110
172	154
172	193
172	69
172	143
172	46
172	72
172	12
172	13
172	47
172	14
172	48
172	111
172	49
172	167
172	146
172	211
172	112
172	76
172	50
172	51
172	117
600	441
600	39
600	57
472	89
472	30
472	406
472	80
472	246
472	70
472	224
456	458
602	387
602	57
533	264
533	88
533	356
533	204
533	6
533	31
533	39
533	43
35	130
35	22
35	97
35	74
35	27
35	99
35	75
35	6
35	101
35	32
35	64
35	103
35	172
35	104
35	106
35	9
35	108
35	83
35	42
35	44
35	110
35	69
35	182
35	12
35	47
35	48
35	49
35	76
35	50
35	51
35	113
207	235
207	186
207	6
207	32
207	36
207	40
207	144
207	198
8	2
8	19
8	258
8	235
8	4
8	184
8	170
8	131
8	24
8	25
8	26
8	27
8	28
8	75
8	240
8	195
8	32
8	187
8	103
8	424
8	104
8	262
8	243
8	82
8	93
8	9
8	107
8	108
8	53
8	245
8	83
8	69
8	46
8	249
8	12
8	14
8	111
8	49
8	112
8	50
8	198
424	132
424	24
424	27
424	359
424	6
424	35
424	8
424	265
424	42
424	43
424	109
424	193
424	182
424	72
424	144
424	12
424	47
424	14
424	49
424	287
424	51
323	75
323	8
323	53
323	14
323	113
323	605
323	219
323	379
323	119
323	198
589	132
589	242
589	190
92	89
92	606
92	163
104	150
104	200
104	91
104	6
104	32
104	284
104	8
104	243
104	83
104	42
104	69
104	12
104	51
607	79
607	165
607	186
607	99
607	108
607	66
607	109
607	154
607	13
607	49
607	266
607	51
36	79
36	6
36	83
141	20
141	264
141	131
141	97
141	99
141	171
141	75
141	203
141	91
141	6
141	33
141	284
141	35
141	9
141	107
141	108
141	40
141	492
141	45
141	68
141	47
141	14
141	76
141	611
208	20
415	90
415	24
415	91
415	103
415	172
415	40
415	46
415	14
196	8
196	183
197	170
197	75
197	136
197	284
197	113
197	198
105	612
105	89
105	95
105	149
105	20
105	150
105	234
105	59
105	252
105	613
105	79
105	315
105	165
105	88
105	22
105	335
105	96
105	97
105	369
105	378
105	74
105	90
105	24
105	25
105	134
105	200
105	201
105	27
105	99
105	438
105	439
105	614
105	151
105	275
105	158
105	461
105	238
105	60
105	406
105	137
105	61
105	276
105	63
105	615
105	91
105	521
105	80
105	100
105	479
105	541
105	545
105	101
105	548
105	140
105	552
105	616
105	273
105	32
105	566
105	205
105	152
105	64
105	65
105	284
105	242
105	172
105	617
105	207
105	8
105	424
105	589
105	104
105	607
105	36
105	106
105	81
105	618
105	412
105	93
105	9
105	108
105	619
105	38
105	620
105	408
105	621
105	245
105	83
105	39
105	505
105	492
105	277
105	337
105	42
105	44
105	109
105	110
105	154
105	193
105	269
105	209
105	69
105	622
105	248
105	278
105	46
105	253
105	72
105	249
105	144
105	12
105	13
105	47
105	210
105	14
105	48
105	173
105	111
105	174
105	49
105	167
105	146
105	211
105	112
105	266
105	147
105	287
105	162
105	623
105	50
105	624
105	51
105	625
105	119
105	122
105	55
106	89
106	95
106	2
106	150
106	79
106	235
106	22
106	96
106	23
106	90
106	26
106	27
106	98
106	99
106	151
106	28
106	261
106	158
106	241
106	80
106	6
106	32
106	102
106	187
106	103
106	172
106	104
106	197
106	81
106	265
106	82
106	93
106	9
106	107
106	108
106	53
106	83
106	40
106	42
106	43
106	44
106	109
106	69
106	345
106	71
106	182
106	46
106	72
106	12
106	13
106	47
106	14
106	48
106	111
106	166
106	49
106	211
106	112
106	266
106	76
106	50
106	51
81	89
81	150
81	22
81	90
81	99
81	152
81	102
81	104
81	106
81	265
81	42
81	46
81	12
81	111
81	350
81	222
243	89
243	22
243	23
243	133
243	26
243	91
243	80
243	6
243	103
243	106
243	81
243	244
243	83
243	40
243	42
243	69
243	46
243	72
243	12
243	13
618	99
618	91
618	104
265	149
265	2
265	79
265	288
265	235
265	165
265	23
265	90
265	24
265	27
265	99
265	30
265	241
265	80
265	6
265	32
265	152
265	33
265	103
265	172
265	8
265	104
265	36
265	9
265	244
265	108
265	53
265	83
265	40
265	41
265	42
265	109
265	154
265	193
265	69
265	46
265	72
265	12
265	13
265	48
265	49
265	167
265	211
265	112
265	266
265	50
265	51
265	302
265	189
265	177
153	89
153	149
153	169
153	212
153	79
153	165
153	22
153	184
153	131
153	96
153	132
153	23
153	90
153	200
153	27
153	98
153	99
153	171
153	151
153	75
153	158
153	91
153	80
153	6
153	101
153	103
153	172
153	8
153	243
153	93
153	9
153	108
153	38
153	215
153	83
153	40
153	247
153	41
153	44
153	109
153	68
153	154
153	209
153	69
153	182
153	46
153	72
153	12
153	13
153	217
153	14
153	48
153	173
153	49
153	167
153	211
153	286
153	112
153	51
153	348
153	115
153	219
153	84
153	16
153	437
412	89
412	212
412	258
412	79
412	165
412	184
412	131
412	132
412	23
412	90
412	24
412	25
412	200
412	27
412	99
412	75
412	136
412	359
412	91
412	6
412	101
412	33
412	65
412	103
412	172
412	35
412	8
412	106
412	265
412	153
412	82
412	37
412	93
412	9
412	108
412	38
412	53
412	246
412	83
412	534
412	247
412	626
412	109
412	154
412	69
412	143
412	182
412	278
412	72
412	13
412	210
412	48
412	167
412	76
412	51
412	485
412	168
412	55
412	127
82	212
82	79
82	22
82	90
82	200
82	26
82	91
82	6
82	32
82	35
82	8
82	104
82	265
82	310
82	108
82	53
82	246
82	83
82	40
82	42
82	13
82	48
82	173
82	111
82	49
82	211
82	51
82	222
293	258
293	235
293	192
293	4
293	260
293	26
293	240
293	83
293	76
37	78
37	22
37	90
37	135
37	98
37	99
37	151
37	158
37	91
37	6
37	101
37	214
37	102
37	103
37	172
37	153
37	412
37	108
37	83
37	534
37	43
37	68
37	622
37	12
37	166
37	76
37	51
37	629
37	113
37	630
37	219
37	451
37	349
37	379
37	220
37	148
37	84
37	588
37	351
37	120
37	121
37	168
37	353
37	584
37	368
37	631
37	125
37	222
37	126
413	184
413	74
413	90
413	200
413	99
413	240
413	91
413	6
413	103
413	35
413	294
413	310
413	108
413	83
413	534
413	40
413	43
413	12
413	210
413	14
413	51
413	113
413	349
413	189
413	198
413	632
413	125
413	222
93	235
93	170
93	131
93	90
93	26
93	336
93	75
93	240
93	8
93	262
93	105
93	244
93	53
93	246
93	83
93	12
93	173
93	112
93	350
93	633
93	55
142	212
142	235
142	192
142	4
142	366
142	634
142	90
142	134
142	26
142	75
142	240
142	91
142	103
142	35
142	293
142	83
142	47
142	166
9	4
9	97
9	6
9	35
9	53
9	40
9	485
9	127
294	235
294	192
294	4
294	184
294	132
294	369
294	23
294	26
294	614
294	75
294	240
294	6
294	36
294	153
294	413
294	244
294	108
294	159
294	40
294	43
294	68
294	69
294	182
294	47
294	173
294	49
294	113
294	121
244	149
244	150
244	130
244	79
244	22
244	131
244	96
244	23
244	74
244	90
244	24
244	99
244	171
244	75
244	238
244	30
244	241
244	32
244	64
244	33
244	34
244	242
244	82
244	93
244	107
244	246
244	83
244	40
244	42
244	43
244	44
244	109
244	45
244	110
244	69
244	182
244	13
244	47
244	14
244	49
244	211
244	50
244	51
310	90
310	6
310	43
310	113
310	219
310	183
310	350
310	84
310	119
310	168
310	352
310	198
310	368
310	125
310	222
310	126
107	89
107	95
107	150
107	212
107	79
107	235
107	192
107	4
107	213
107	22
107	184
107	131
107	96
107	23
107	74
107	90
107	24
107	26
107	27
107	99
107	151
107	28
107	275
107	240
107	136
107	30
107	91
107	6
107	532
107	101
107	32
107	33
107	102
107	284
107	187
107	103
107	172
107	35
107	8
107	104
107	36
107	105
107	243
107	93
107	9
107	244
107	108
107	246
107	83
107	40
107	42
107	43
107	44
107	109
107	110
107	69
107	345
107	182
107	324
107	278
107	46
107	72
107	12
107	13
107	217
107	47
107	14
107	173
107	49
107	145
107	146
107	211
107	286
107	112
107	266
107	76
107	50
107	332
108	150
108	165
108	22
108	184
108	96
108	381
108	23
108	74
108	90
108	26
108	27
108	99
108	151
108	136
108	91
108	80
108	205
108	152
108	284
108	187
108	103
108	104
108	265
108	153
108	93
108	9
108	310
108	53
108	83
108	40
108	42
108	109
108	110
108	182
108	12
108	13
108	48
108	173
108	111
108	49
108	112
108	76
108	51
108	77
619	51
38	18
38	2
38	150
38	212
38	234
38	79
38	165
38	96
38	23
38	27
38	99
38	171
38	151
38	158
38	32
38	172
38	153
38	40
38	41
38	42
38	43
38	109
38	68
38	10
38	154
38	13
38	14
38	48
38	112
38	50
38	86
38	190
408	1
408	20
408	150
408	405
408	406
408	137
408	197
408	105
408	48
408	177
181	127
334	89
334	184
334	333
334	90
334	421
334	171
334	158
334	91
334	6
334	34
334	102
334	172
334	8
334	389
334	41
334	68
334	10
334	154
334	69
334	345
334	12
334	49
334	50
334	51
334	160
334	55
334	127
504	2
504	170
504	186
504	32
504	8
504	9
504	38
504	42
504	578
504	10
504	249
621	30
621	9
621	143
621	77
642	643
642	632
215	128
215	169
215	150
215	225
215	59
215	644
215	264
215	645
215	22
215	184
215	381
215	132
215	405
215	201
215	151
215	60
215	283
215	63
215	508
215	411
215	545
215	233
215	64
215	34
215	207
215	141
215	153
215	482
215	107
215	408
215	216
215	43
215	45
215	68
215	209
215	71
215	13
215	217
215	458
215	250
215	385
215	646
215	387
215	57
215	55
66	58
66	89
66	95
66	128
66	149
66	19
66	150
66	212
66	234
66	59
66	199
66	264
66	271
66	79
66	4
66	165
66	22
66	184
66	170
66	96
66	23
66	74
66	90
66	24
66	133
66	25
66	200
66	186
66	26
66	27
66	98
66	99
66	171
66	438
66	441
66	151
66	75
66	158
66	202
66	240
66	136
66	60
66	30
66	283
66	203
66	400
66	63
66	241
66	508
66	91
66	80
66	204
66	411
66	6
66	101
66	32
66	205
66	152
66	64
66	34
66	102
66	242
66	103
66	172
66	207
66	8
66	104
66	262
66	36
66	141
66	105
66	106
66	81
66	265
66	82
66	93
66	9
66	482
66	244
66	107
66	108
66	38
66	408
66	53
66	509
66	83
66	40
66	492
66	41
66	42
66	44
66	109
66	68
66	110
66	154
66	193
66	209
66	69
66	457
66	71
66	650
66	143
66	182
66	46
66	72
66	144
66	12
66	13
66	47
66	14
66	48
66	173
66	111
66	49
66	146
66	211
66	112
66	266
66	387
66	57
66	76
66	50
66	51
66	189
66	77
66	519
66	126
344	184
344	28
344	91
344	32
344	8
344	310
344	53
344	12
344	76
344	113
344	651
344	302
344	403
344	605
344	485
344	652
344	168
344	352
344	653
344	584
344	654
344	655
344	656
344	632
344	127
245	184
245	6
245	312
245	14
246	93
246	328
246	659
246	660
246	379
595	136
595	30
595	32
595	47
159	58
159	95
159	149
159	18
159	179
159	2
159	129
159	20
159	227
159	212
159	59
159	79
159	235
159	165
159	22
159	289
159	184
159	157
159	170
159	131
159	96
159	23
159	200
159	26
159	27
159	151
159	406
159	137
159	203
159	63
159	138
159	80
159	101
159	557
159	32
159	152
159	233
159	570
159	64
159	33
159	242
159	187
159	103
159	172
159	207
159	8
159	104
159	197
159	105
159	106
159	81
159	243
159	265
159	153
159	37
159	93
159	9
159	294
159	244
159	66
159	53
159	577
159	83
159	40
159	492
159	41
159	42
159	67
159	578
159	109
159	45
159	10
159	110
159	154
159	269
159	209
159	69
159	71
159	143
159	182
159	579
159	278
159	46
159	72
159	12
159	217
159	47
159	296
159	210
159	14
159	111
159	166
159	49
159	250
159	167
159	286
159	112
159	147
159	57
159	50
159	114
159	163
159	224
159	121
159	584
389	158
389	113
509	19
509	165
509	186
509	141
509	9
509	76
440	75
83	4
83	22
83	74
83	90
83	25
83	27
83	336
83	98
83	75
83	80
83	6
83	102
83	284
83	103
83	104
83	197
83	106
83	93
83	108
83	53
83	12
83	166
83	49
83	266
83	51
83	121
83	222
290	212
290	288
290	22
290	289
290	23
290	24
290	27
290	99
290	75
290	91
290	6
290	32
290	102
290	172
290	8
290	9
290	108
290	38
290	43
290	109
290	324
290	46
290	72
290	12
290	13
290	211
290	112
290	266
290	50
295	75
295	76
295	77
534	2
534	27
534	91
534	187
534	9
534	181
534	143
534	46
534	12
534	14
534	51
534	403
534	303
534	485
534	84
534	168
534	663
534	519
534	55
216	150
216	68
216	49
39	43
39	183
40	212
40	59
40	165
40	213
40	184
40	23
40	74
40	90
40	27
40	99
40	158
40	238
40	63
40	6
40	32
40	33
40	65
40	102
40	172
40	8
40	104
40	243
40	153
40	107
40	38
40	83
40	68
40	110
40	666
40	182
40	72
40	12
40	13
40	14
40	111
40	167
40	112
40	50
40	474
40	451
40	667
40	224
40	120
562	2
492	20
492	136
492	40
492	50
228	136
228	30
228	277
549	557
277	22
277	131
277	90
277	27
277	99
277	275
277	75
277	91
277	6
277	101
277	32
277	205
277	152
277	284
277	242
277	103
277	104
277	153
277	82
277	93
277	9
277	244
277	107
277	108
277	44
277	154
277	69
277	182
277	278
277	14
277	112
337	212
337	22
337	131
337	23
337	90
337	24
337	25
337	26
337	27
337	99
337	136
337	91
337	80
337	6
337	102
337	8
337	105
337	153
337	82
337	93
337	9
337	108
337	53
337	246
337	83
337	40
337	322
337	42
337	109
337	68
337	182
337	12
337	13
337	49
337	51
337	338
337	669
337	219
337	163
337	537
337	584
337	670
337	340
337	222
337	437
247	2
247	212
247	59
247	79
247	132
247	90
247	24
247	200
247	27
247	158
247	91
247	80
247	6
247	8
247	36
247	153
247	108
247	38
247	53
247	41
247	10
247	182
247	278
247	72
247	13
247	210
247	48
247	173
247	76
247	519
247	127
41	89
41	2
41	79
41	96
41	23
41	90
41	393
41	24
41	186
41	27
41	99
41	80
41	6
41	292
41	32
41	102
41	35
41	36
41	9
41	108
41	38
41	83
41	40
41	247
41	626
41	42
41	43
41	433
41	154
41	193
41	46
41	72
41	13
41	48
41	211
41	76
41	121
41	55
626	36
626	9
626	108
626	41
626	46
626	48
626	211
626	113
626	77
42	165
42	6
42	265
42	159
42	40
42	432
42	13
42	48
42	112
42	121
43	133
43	6
43	39
44	89
44	150
44	79
44	4
44	22
44	184
44	96
44	23
44	90
44	26
44	27
44	99
44	30
44	91
44	80
44	6
44	101
44	32
44	102
44	103
44	172
44	8
44	104
44	106
44	81
44	93
44	9
44	244
44	108
44	83
44	42
44	143
44	46
44	72
44	12
44	13
44	47
44	14
44	48
44	111
44	49
44	112
44	266
44	50
44	51
44	519
67	58
67	89
67	19
67	194
67	131
67	186
67	28
67	75
67	6
67	557
67	9
67	53
67	247
67	76
67	113
67	163
578	1
578	58
578	89
578	128
578	18
578	179
578	2
578	231
578	184
578	157
578	131
578	377
578	396
578	201
578	98
578	171
578	239
578	478
578	671
578	466
578	502
578	241
578	491
578	80
578	407
578	558
578	6
578	450
578	31
578	401
578	541
578	195
578	101
578	557
578	32
578	7
578	233
578	572
578	33
578	672
578	472
578	617
578	207
578	36
578	196
578	197
578	243
578	37
578	9
578	635
578	107
578	38
578	408
578	504
578	53
578	245
578	595
578	290
578	39
578	562
578	45
578	10
578	209
578	69
578	70
578	673
578	143
578	416
578	14
578	173
578	596
578	286
578	112
578	331
578	147
578	674
578	163
578	675
578	332
109	95
109	129
109	212
109	4
109	165
109	320
109	22
109	96
109	23
109	90
109	24
109	27
109	99
109	151
109	203
109	241
109	91
109	80
109	383
109	32
109	205
109	152
109	64
109	102
109	172
109	424
109	265
109	244
109	108
109	38
109	66
109	83
109	40
109	42
109	110
109	154
109	193
109	69
109	72
109	12
109	13
109	111
109	49
109	167
109	211
109	112
109	50
109	113
109	121
45	17
45	18
45	244
45	70
432	19
432	22
432	27
432	99
432	171
432	441
432	158
432	91
432	6
432	557
432	8
432	37
432	108
432	41
432	42
432	44
432	109
432	110
432	154
432	46
432	72
432	12
432	13
432	14
432	266
68	58
68	18
68	169
68	150
68	212
68	232
68	59
68	22
68	184
68	96
68	132
68	27
68	99
68	171
68	151
68	158
68	238
68	283
68	63
68	80
68	411
68	479
68	6
68	32
68	233
68	64
68	33
68	242
68	172
68	243
68	153
68	37
68	294
68	38
68	334
68	215
68	216
68	676
68	39
68	40
68	337
68	43
68	44
68	154
68	69
68	248
68	182
68	72
68	13
68	217
68	49
68	250
68	167
68	57
68	50
68	51
68	348
68	394
68	121
68	677
68	190
10	2
10	19
10	133
10	27
10	242
10	172
10	38
10	143
10	72
10	403
10	678
10	117
110	130
110	26
110	27
110	30
110	32
110	144
110	47
110	76
110	50
433	32
154	149
154	18
154	165
154	96
154	91
154	80
154	172
154	265
154	153
154	108
154	38
154	40
154	42
154	109
154	13
154	48
154	167
154	211
154	50
154	16
311	422
193	89
193	2
193	129
193	258
193	79
193	325
193	23
193	90
193	24
193	25
193	200
193	26
193	27
193	99
193	151
193	261
193	202
193	136
193	60
193	30
193	679
193	91
193	80
193	292
193	383
193	205
193	33
193	34
193	102
193	242
193	172
193	424
193	104
193	265
193	9
193	108
193	53
193	83
193	42
193	109
193	10
193	154
193	269
193	69
193	182
193	12
193	13
193	47
193	49
193	145
193	76
193	50
193	51
193	189
193	680
269	130
269	24
269	186
269	28
269	137
269	491
269	105
269	505
269	193
269	143
269	183
269	163
269	55
312	53
209	89
209	23
209	186
209	27
209	171
209	151
209	63
209	383
209	32
209	207
209	8
209	153
209	294
209	40
209	43
209	45
209	278
209	46
209	144
209	210
209	49
209	112
209	51
209	86
666	235
666	90
666	27
666	6
666	8
666	40
666	69
666	143
666	12
666	14
69	235
69	90
69	27
69	6
69	8
69	40
69	143
69	12
69	14
70	58
70	2
70	165
70	157
70	27
70	158
70	136
70	80
70	541
70	103
70	35
70	108
70	38
70	40
70	43
70	45
70	10
70	69
70	47
70	48
70	112
70	51
70	163
70	332
70	55
673	88
673	48
500	212
500	91
500	103
500	334
457	89
457	6
457	66
457	577
457	183
457	148
457	681
457	86
457	351
457	682
457	462
684	4
684	75
684	80
684	6
684	8
684	14
684	51
684	370
684	425
684	474
684	219
684	303
684	349
684	117
684	539
684	120
684	168
684	464
684	122
684	125
684	126
345	113
71	58
71	89
71	149
71	18
71	179
71	2
71	129
71	20
71	560
71	59
71	79
71	22
71	184
71	157
71	23
71	24
71	133
71	25
71	27
71	98
71	99
71	151
71	75
71	158
71	238
71	136
71	29
71	30
71	61
71	276
71	80
71	558
71	6
71	557
71	7
71	64
71	33
71	102
71	103
71	172
71	36
71	106
71	81
71	265
71	9
71	108
71	561
71	159
71	83
71	40
71	247
71	41
71	42
71	44
71	109
71	10
71	154
71	69
71	143
71	579
71	324
71	278
71	46
71	72
71	12
71	13
71	300
71	217
71	48
71	49
71	211
71	112
71	266
71	51
71	121
71	190
650	130
650	6
650	38
650	53
650	562
650	44
650	117
188	2
188	165
188	25
188	27
188	80
188	6
188	35
188	8
188	265
188	9
188	14
188	51
188	113
188	183
188	117
188	224
188	594
188	584
248	2
248	150
248	212
248	234
248	59
248	685
248	130
248	235
248	165
248	22
248	184
248	131
248	23
248	90
248	24
248	26
248	27
248	99
248	151
248	261
248	239
248	136
248	203
248	466
248	63
248	414
248	241
248	91
248	80
248	6
248	292
248	214
248	32
248	233
248	64
248	242
248	8
248	104
248	105
248	81
248	93
248	9
248	108
248	38
248	66
248	53
248	246
248	83
248	40
248	41
248	42
248	109
248	68
248	10
248	143
248	278
248	72
248	144
248	12
248	13
248	47
248	296
248	14
248	211
248	112
248	76
248	51
182	212
182	59
182	258
182	79
182	22
182	96
182	23
182	133
182	26
182	27
182	99
182	151
182	75
182	503
182	241
182	359
182	91
182	80
182	101
182	32
182	152
182	64
182	102
182	242
182	103
182	35
182	424
182	36
182	106
182	153
182	412
182	9
182	294
182	244
182	107
182	108
182	38
182	83
182	40
182	337
182	68
182	110
182	193
182	209
182	69
182	72
182	144
182	12
182	13
182	111
182	49
182	167
182	211
182	112
182	76
182	50
182	51
182	688
182	689
182	515
182	116
182	349
182	183
182	690
182	691
182	124
182	692
579	149
579	18
579	19
579	212
579	258
579	79
579	4
579	165
579	22
579	184
579	96
579	381
579	23
579	74
579	90
579	24
579	25
579	200
579	26
579	27
579	98
579	99
579	171
579	151
579	28
579	75
579	240
579	136
579	30
579	241
579	91
579	80
579	6
579	32
579	205
579	152
579	64
579	34
579	102
579	242
579	187
579	103
579	172
579	104
579	262
579	36
579	106
579	81
579	265
579	153
579	82
579	93
579	9
579	244
579	310
579	108
579	38
579	159
579	83
579	39
579	40
579	41
579	42
579	43
579	44
579	109
579	110
579	154
579	193
579	69
579	71
579	182
579	46
579	72
579	12
579	13
579	47
579	14
579	111
579	49
579	167
579	146
579	211
579	286
579	112
579	266
579	76
579	50
579	51
579	219
390	90
390	158
390	91
390	6
390	103
390	310
390	154
390	48
390	113
390	114
390	219
390	123
324	89
324	212
324	289
324	23
324	90
324	24
324	27
324	99
324	75
324	158
324	136
324	91
324	80
324	6
324	205
324	284
324	103
324	172
324	35
324	9
324	107
324	108
324	290
324	40
324	42
324	43
324	71
324	72
324	12
324	13
324	49
324	112
324	50
324	219
324	394
527	571
527	143
527	57
46	89
46	23
46	80
46	6
46	34
46	243
46	83
46	43
46	13
46	211
46	76
253	252
253	105
346	79
346	96
346	90
346	24
346	99
346	158
346	91
346	6
346	102
346	103
346	35
346	230
346	105
346	310
346	83
346	42
346	44
346	109
346	69
346	49
346	211
346	51
346	391
346	113
346	350
346	537
346	121
346	352
346	368
346	55
346	222
72	130
72	282
72	24
72	27
72	243
72	10
72	12
72	112
72	76
72	190
249	8
249	9
249	53
249	41
249	376
144	2
144	130
144	79
144	165
144	24
144	186
144	30
144	68
144	143
144	12
144	49
144	76
12	2
12	35
12	108
12	53
12	83
12	69
12	46
12	47
12	111
12	76
12	114
12	115
12	116
12	55
12	125
12	222
13	1
13	95
13	149
13	20
13	150
13	130
13	79
13	165
13	22
13	184
13	157
13	96
13	23
13	90
13	24
13	200
13	186
13	26
13	27
13	99
13	151
13	241
13	359
13	80
13	6
13	101
13	140
13	32
13	205
13	152
13	102
13	284
13	103
13	172
13	8
13	104
13	36
13	106
13	243
13	265
13	153
13	82
13	9
13	244
13	107
13	108
13	38
13	40
13	247
13	41
13	42
13	44
13	109
13	110
13	154
13	69
13	71
13	143
13	182
13	46
13	72
13	12
13	47
13	14
13	48
13	173
13	111
13	49
13	167
13	211
13	112
13	76
13	50
13	113
13	183
13	189
13	121
384	234
384	4
384	23
384	200
384	186
384	27
384	99
384	203
384	9
384	108
384	109
384	69
384	72
384	146
384	76
384	50
285	19
285	258
285	79
285	235
285	165
285	88
285	27
285	438
285	75
285	60
285	30
285	283
285	6
285	32
285	8
285	105
285	618
285	153
285	38
285	577
285	40
285	45
285	68
285	70
285	71
285	72
285	167
285	211
285	51
285	113
285	155
285	55
300	59
300	171
300	238
300	63
300	45
300	71
300	50
217	66
217	216
47	129
47	130
47	24
47	136
47	30
47	53
47	143
47	144
47	12
47	49
402	17
402	87
402	156
402	704
402	199
402	321
402	363
402	399
402	186
402	705
402	26
402	75
402	60
402	401
402	706
402	707
402	600
402	504
402	708
402	148
296	235
296	170
296	24
296	200
296	26
296	27
296	98
296	261
296	136
296	80
296	205
296	102
296	103
296	197
296	108
296	53
296	83
296	69
296	173
296	166
296	286
296	112
296	51
416	19
416	22
416	201
416	137
416	521
416	8
416	108
416	38
416	147
210	186
210	105
210	244
210	278
210	55
14	130
14	79
14	235
14	22
14	184
14	24
14	186
14	26
14	27
14	98
14	99
14	75
14	158
14	240
14	136
14	241
14	91
14	80
14	6
14	32
14	33
14	284
14	103
14	172
14	35
14	8
14	424
14	36
14	243
14	9
14	244
14	107
14	66
14	53
14	83
14	40
14	42
14	43
14	69
14	46
14	72
14	12
14	49
14	286
14	112
14	266
568	4
568	260
568	205
568	144
48	19
48	212
48	23
48	90
48	24
48	133
48	186
48	27
48	98
48	99
48	158
48	91
48	6
48	102
48	103
48	104
48	106
48	81
48	153
48	37
48	9
48	108
48	38
48	53
48	83
48	534
48	44
48	154
48	345
48	12
48	13
48	47
48	166
48	51
48	113
48	219
48	148
48	117
48	84
48	224
48	710
48	177
48	122
458	283
458	456
477	60
173	89
173	2
173	150
173	212
173	130
173	79
173	4
173	22
173	23
173	74
173	90
173	24
173	186
173	26
173	27
173	438
173	614
173	75
173	136
173	30
173	91
173	101
173	32
173	103
173	104
173	82
173	93
173	9
173	244
173	107
173	108
173	38
173	53
173	246
173	83
173	42
173	45
173	69
173	143
173	12
173	13
173	47
173	48
173	49
173	211
173	112
173	76
173	51
173	113
173	183
173	55
173	222
111	89
111	95
111	150
111	212
111	79
111	96
111	90
111	27
111	99
111	151
111	30
111	241
111	91
111	6
111	101
111	32
111	152
111	64
111	8
111	105
111	106
111	81
111	93
111	9
111	310
111	108
111	83
111	40
111	42
111	44
111	109
111	110
111	69
111	182
111	12
111	13
111	47
111	48
111	49
111	211
111	112
111	50
111	51
111	113
111	114
111	219
111	183
111	350
111	582
111	84
111	712
111	119
111	462
111	123
111	368
111	55
111	222
111	126
166	2
328	246
328	168
328	160
473	18
473	2
473	19
473	234
473	6
473	570
473	476
473	45
473	384
714	200
714	108
49	173
250	19
250	129
250	59
250	4
250	165
250	96
250	23
250	186
250	27
250	171
250	151
250	158
250	63
250	80
250	383
250	64
250	242
250	207
250	153
250	294
250	107
250	108
250	159
250	45
250	68
250	10
250	209
250	143
250	278
250	46
250	217
250	210
250	112
250	163
250	55
167	32
167	69
167	13
167	14
167	50
596	89
596	235
596	133
596	99
596	91
596	6
596	242
596	8
596	43
596	578
596	69
596	46
596	49
596	76
145	89
145	128
145	2
145	129
145	20
145	212
145	199
145	79
145	22
145	184
145	23
145	90
145	24
145	133
145	201
145	186
145	99
145	151
145	75
145	276
145	241
145	204
145	6
145	101
145	140
145	32
145	242
145	103
145	533
145	207
145	8
145	104
145	141
145	105
145	153
145	244
145	107
145	53
145	245
145	83
145	40
145	41
145	42
145	43
145	109
145	110
145	193
145	69
145	143
145	46
145	72
145	12
145	47
145	49
145	211
145	266
145	50
145	51
385	2
385	184
385	23
385	8
385	9
385	108
385	38
385	215
385	43
385	45
385	10
385	70
385	650
385	166
146	18
146	22
146	24
146	133
146	27
146	99
146	151
146	136
146	6
146	32
146	33
146	284
146	8
146	9
146	107
146	66
146	53
146	83
146	42
146	109
146	278
146	12
146	49
646	22
646	152
646	9
646	215
211	170
211	6
211	14
211	51
211	168
376	4
376	131
376	260
286	235
286	22
286	27
286	136
286	6
286	8
286	153
286	9
286	53
54	55
659	52
659	8
659	246
175	169
175	99
175	292
175	9
175	38
175	43
175	10
175	72
175	113
175	222
112	95
112	2
112	150
112	212
112	79
112	22
112	96
112	23
112	27
112	99
112	151
112	91
112	6
112	101
112	32
112	152
112	102
112	103
112	104
112	106
112	81
112	93
112	244
112	107
112	108
112	53
112	83
112	42
112	43
112	44
112	109
112	110
112	69
112	12
112	13
112	14
112	111
112	49
112	50
266	22
266	27
266	98
266	75
266	136
266	91
266	80
266	6
266	36
266	197
266	83
266	44
266	72
266	14
266	166
266	112
266	51
266	219
266	119
266	121
266	122
266	126
387	88
387	202
387	602
387	458
387	57
331	80
331	6
331	9
331	108
331	173
331	394
361	258
361	24
361	358
361	91
361	106
361	76
361	51
147	128
147	2
147	20
147	24
147	201
147	27
147	99
147	136
147	6
147	101
147	140
147	32
147	9
147	108
147	159
147	40
147	12
147	47
147	416
147	49
57	130
57	184
57	131
57	132
57	30
57	32
57	233
57	600
57	602
57	196
57	9
57	108
57	53
57	68
57	154
57	143
57	527
57	46
57	49
57	112
57	387
57	727
57	113
57	189
57	224
57	190
57	127
76	165
76	28
76	80
76	35
76	53
76	83
76	42
76	113
76	183
76	220
76	119
76	177
76	121
287	89
287	22
287	90
287	99
287	400
287	284
287	187
287	103
287	424
287	36
287	83
287	40
287	110
287	69
287	143
287	12
287	13
287	49
287	84
423	114
162	30
623	89
623	22
623	481
623	131
623	90
623	27
623	32
623	105
623	93
623	108
623	42
50	58
50	2
50	129
50	150
50	234
50	79
50	165
50	22
50	23
50	134
50	186
50	27
50	135
50	99
50	151
50	137
50	91
50	101
50	140
50	32
50	205
50	152
50	64
50	242
50	103
50	207
50	8
50	104
50	36
50	105
50	106
50	9
50	107
50	108
50	38
50	66
50	245
50	159
50	83
50	40
50	42
50	44
50	109
50	68
50	110
50	154
50	193
50	69
50	143
50	182
50	144
50	12
50	13
50	47
50	111
50	167
50	211
50	112
50	76
50	163
50	84
50	368
50	55
50	125
624	149
624	150
624	130
624	165
624	22
624	96
624	23
624	90
624	24
624	26
624	27
624	99
624	158
624	80
624	103
624	172
624	8
624	105
624	81
624	9
624	108
624	38
624	83
624	42
624	43
624	10
624	154
624	12
624	13
624	48
624	49
624	211
624	76
624	51
624	113
51	212
51	91
51	102
51	284
51	103
51	197
51	108
51	83
51	166
51	266
736	100
736	310
736	534
736	76
736	436
736	737
736	370
736	738
736	329
736	629
736	587
736	348
736	114
736	739
736	338
736	425
736	514
736	403
736	115
736	593
736	740
736	116
736	451
736	483
736	741
736	379
736	189
736	667
736	117
736	582
736	484
736	485
736	86
736	742
736	84
736	226
736	743
736	744
736	119
736	611
736	224
736	372
736	177
736	745
736	746
736	168
736	747
736	748
736	594
736	749
736	750
736	751
736	198
736	654
736	122
736	487
736	368
736	655
736	752
736	753
736	754
736	755
736	756
736	518
736	757
736	519
736	55
736	758
736	126
736	127
759	738
759	403
759	760
759	445
759	681
759	761
759	224
436	89
436	186
436	283
436	76
436	329
436	739
436	483
436	485
436	762
436	763
436	654
436	764
436	765
436	127
766	97
766	90
766	24
766	186
766	33
766	310
766	83
766	143
766	76
766	51
766	736
766	391
766	629
766	767
766	768
766	113
766	338
766	425
766	514
766	302
766	403
766	769
766	115
766	219
766	770
766	349
766	183
766	771
766	189
766	667
766	117
766	485
766	84
766	712
766	539
766	224
766	446
766	372
766	120
766	177
766	772
766	121
766	178
766	773
766	168
766	516
766	594
766	353
766	221
766	198
766	584
766	774
766	462
766	122
766	368
766	655
766	775
766	518
766	776
766	777
766	55
766	758
766	778
766	125
766	222
766	126
766	127
766	779
780	302
780	781
780	529
780	774
782	113
782	348
782	403
782	593
782	86
782	224
782	352
782	783
782	122
782	125
782	126
737	736
737	784
737	785
737	86
737	224
737	786
737	584
737	787
737	655
737	788
737	758
790	736
790	689
790	587
790	669
790	302
790	218
790	630
790	791
790	183
790	741
790	189
790	667
790	539
790	529
790	121
790	747
790	792
790	198
790	793
790	462
790	368
790	794
790	55
370	97
370	369
370	400
370	684
370	76
370	736
370	436
370	113
370	371
370	348
370	739
370	302
370	795
370	115
370	796
370	699
370	303
370	797
370	546
370	183
370	220
370	798
370	117
370	84
370	226
370	119
370	539
370	224
370	446
370	799
370	762
370	120
370	177
370	529
370	121
370	178
370	800
370	168
370	584
370	373
370	462
370	122
370	123
370	655
370	801
370	155
370	775
370	756
370	518
370	757
370	802
370	777
370	55
370	803
370	125
370	222
370	126
370	127
738	97
738	186
738	736
738	759
738	688
738	807
738	329
738	348
738	808
738	809
738	810
738	811
738	302
738	812
738	795
738	769
738	580
738	630
738	593
738	740
738	303
738	791
738	797
738	183
738	741
738	813
738	582
738	814
738	815
738	816
738	611
738	817
738	224
738	818
738	588
738	819
738	762
738	820
738	821
738	822
738	168
738	638
738	792
738	823
738	774
738	793
738	462
738	824
738	487
738	368
738	124
738	825
738	655
738	801
738	826
738	827
738	828
738	829
738	830
738	831
738	832
738	802
738	519
738	833
738	834
738	126
738	127
738	835
836	302
688	97
688	738
688	689
688	113
688	348
688	114
688	515
688	809
688	218
688	795
688	593
688	116
688	183
688	837
688	805
688	220
688	163
688	838
688	77
688	582
688	712
688	839
688	611
688	224
688	840
688	446
688	177
688	178
688	168
688	638
688	486
688	352
688	774
688	462
688	122
688	155
688	755
688	55
688	841
688	778
688	125
688	127
807	400
807	790
807	738
807	842
807	587
807	302
807	781
807	593
807	183
807	741
807	163
807	678
807	843
807	77
807	445
807	667
807	681
807	582
807	537
807	86
807	224
807	710
807	177
807	638
807	793
807	462
807	368
807	829
807	844
807	845
807	222
807	834
689	97
689	90
689	101
689	103
689	53
689	246
689	182
689	782
689	688
689	113
689	587
689	348
689	846
689	114
689	739
689	425
689	515
689	302
689	339
689	218
689	795
689	847
689	630
689	848
689	593
689	219
689	303
689	483
689	535
689	349
689	805
689	379
689	148
689	849
689	850
689	485
689	86
689	394
689	839
689	538
689	611
689	840
689	446
689	372
689	762
689	120
689	177
689	772
689	745
689	851
689	121
689	168
689	516
689	353
689	123
689	487
689	368
689	124
689	753
689	852
689	692
689	765
689	518
689	802
689	519
689	841
689	222
689	853
689	126
391	183
391	741
391	353
391	123
391	854
391	222
842	302
842	855
842	183
842	117
842	394
629	113
629	425
629	115
629	843
629	122
629	55
856	97
856	534
856	736
856	329
856	857
856	808
856	425
856	809
856	811
856	302
856	858
856	483
856	183
856	805
856	445
856	859
856	117
856	582
856	224
856	583
856	860
856	351
856	177
856	772
856	168
856	486
856	368
856	753
856	828
856	833
861	97
861	90
861	6
861	37
861	310
861	534
861	266
861	51
861	768
861	113
861	425
861	551
861	219
861	303
861	770
861	761
861	224
861	120
861	168
861	352
861	198
861	632
861	631
861	519
861	758
861	222
861	126
767	230
767	113
767	394
767	224
767	177
767	198
767	122
767	863
767	758
768	629
768	177
857	418
857	283
857	557
857	457
857	714
857	436
857	629
857	856
857	864
857	865
857	739
857	302
857	866
857	781
857	867
857	303
857	451
857	483
857	805
857	220
857	445
857	681
857	652
857	868
857	763
857	869
857	870
857	871
857	872
857	792
857	748
857	873
857	122
857	874
857	828
857	670
857	875
857	55
857	758
857	876
857	127
877	425
877	403
877	183
877	678
877	771
877	445
877	117
877	224
877	221
877	55
879	186
879	534
879	302
879	349
879	183
879	667
879	761
879	762
879	177
879	178
879	462
879	127
587	183
587	394
371	348
371	739
371	302
371	115
371	445
371	177
371	198
371	127
881	186
881	739
881	218
881	882
881	183
881	778
864	534
864	768
864	739
864	425
864	302
864	339
864	770
864	535
864	183
864	805
864	536
864	883
864	761
864	539
864	351
864	762
864	177
864	529
864	763
864	121
864	198
864	764
864	55
864	758
864	778
864	127
884	151
884	100
884	230
884	436
884	114
884	338
884	302
884	339
884	403
884	593
884	303
884	451
884	163
884	77
884	117
884	86
884	394
884	446
884	177
884	121
884	178
884	594
884	584
884	774
884	462
884	122
884	764
884	802
884	758
884	125
884	222
625	149
625	99
625	541
625	105
625	154
625	70
625	210
625	166
625	266
625	121
348	125
889	183
890	534
890	782
890	846
890	425
890	891
890	812
890	551
890	303
890	770
890	183
890	148
890	117
890	539
890	224
890	351
890	177
890	892
890	352
890	594
890	893
890	55
890	126
808	782
808	738
808	733
808	593
808	183
808	445
808	582
808	539
808	177
808	763
808	221
808	55
808	758
894	534
894	812
894	403
894	183
894	163
894	445
894	117
894	582
894	839
894	538
894	224
894	177
894	121
894	178
894	895
894	155
894	127
896	81
896	736
896	436
896	629
896	348
896	846
896	739
896	425
896	515
896	403
896	115
896	593
896	116
896	219
896	303
896	451
896	770
896	535
896	349
896	837
896	805
896	220
896	117
896	582
896	84
896	539
896	446
896	897
896	177
896	772
896	178
896	516
896	160
896	198
896	584
896	462
896	123
896	368
896	124
896	753
896	518
896	777
896	898
896	55
896	758
896	125
896	126
846	451
846	394
846	611
846	539
846	897
846	762
846	773
846	55
114	95
114	192
114	97
114	102
114	8
114	9
114	108
114	246
114	534
114	10
114	12
114	14
114	111
114	423
114	113
114	348
114	846
114	515
114	769
114	115
114	219
114	303
114	451
114	349
114	220
114	899
114	117
114	84
114	712
114	119
114	224
114	840
114	446
114	588
114	120
114	772
114	121
114	822
114	352
114	160
114	584
114	462
114	123
114	368
114	124
114	519
114	778
114	125
900	901
900	902
902	900
739	80
739	629
739	113
739	483
739	183
739	372
739	710
739	764
739	753
739	758
903	400
903	403
903	183
903	904
903	117
903	86
903	761
903	224
903	772
903	747
903	198
903	122
903	368
903	55
903	876
338	131
338	93
338	310
338	534
338	337
338	76
338	736
338	436
338	329
338	391
338	113
338	348
338	846
338	114
338	425
338	514
338	515
338	403
338	769
338	115
338	219
338	303
338	349
338	117
338	582
338	485
338	84
338	119
338	224
338	446
338	120
338	177
338	772
338	786
338	121
338	168
338	516
338	352
338	594
338	353
338	198
338	584
338	462
338	122
338	155
338	519
338	55
338	125
338	222
338	126
338	127
425	310
425	629
425	515
425	451
425	349
425	805
425	189
425	148
425	117
425	84
425	839
425	224
425	120
425	177
425	517
425	198
425	462
425	122
425	123
425	124
425	632
425	777
425	125
425	222
425	126
669	337
669	790
669	302
669	791
669	839
669	906
669	772
669	907
908	97
908	310
908	312
908	768
908	302
908	795
908	593
908	183
908	224
908	372
908	594
908	122
908	55
514	766
514	909
514	539
514	224
514	177
514	594
910	805
910	823
910	758
910	125
911	183
515	97
515	534
515	182
515	689
515	114
515	425
515	474
515	403
515	769
515	593
515	116
515	219
515	303
515	349
515	350
515	678
515	117
515	761
515	712
515	119
515	912
515	224
515	446
515	710
515	588
515	120
515	177
515	745
515	786
515	352
515	353
515	517
515	198
515	462
515	122
515	913
515	123
515	368
515	124
515	655
515	914
515	775
515	340
515	55
515	125
515	126
474	514
474	403
474	551
474	605
474	117
474	539
474	224
474	120
474	772
474	594
474	198
474	584
474	122
474	55
474	916
474	126
474	779
809	90
809	9
809	534
809	688
809	403
809	303
809	183
809	540
809	177
809	121
809	168
809	464
809	462
809	487
809	631
810	782
810	738
810	551
810	593
810	867
810	183
810	678
810	667
810	485
810	394
810	761
810	539
810	177
810	221
810	917
810	852
918	97
918	593
918	220
919	302
919	77
919	198
920	921
920	678
920	539
920	221
920	123
920	55
811	782
811	738
811	856
811	857
811	808
811	302
811	630
811	678
811	445
811	667
811	883
811	849
811	229
811	582
811	537
811	818
811	762
811	869
811	870
811	168
811	638
811	221
811	487
811	922
811	828
811	670
811	518
811	55
924	733
924	183
924	189
924	667
924	224
924	177
924	121
924	16
651	97
651	400
651	877
651	113
651	808
651	908
651	920
651	811
651	302
651	926
651	403
651	866
651	927
651	928
651	630
651	929
651	593
651	930
651	867
651	931
651	932
651	349
651	163
651	678
651	445
651	849
651	229
651	117
651	933
651	814
651	934
651	539
651	935
651	177
651	936
651	937
651	895
651	160
651	221
651	938
651	917
651	787
651	939
651	826
651	852
651	670
651	775
651	940
651	834
651	941
942	100
942	310
942	329
942	113
942	371
942	348
942	114
942	593
942	116
942	219
942	303
942	451
942	349
942	183
942	350
942	805
942	163
942	771
942	445
942	117
942	582
942	84
942	839
942	224
942	840
942	177
942	745
942	121
942	178
942	486
942	352
942	774
942	462
942	368
942	124
942	943
942	518
942	519
942	55
942	125
942	222
733	302
733	183
302	400
302	759
302	780
302	790
302	370
302	738
302	836
302	807
302	944
302	689
302	842
302	856
302	857
302	371
302	864
302	884
302	348
302	889
302	808
302	894
302	114
302	945
302	669
302	908
302	515
302	809
302	810
302	919
302	811
302	924
302	946
302	947
302	733
302	339
302	948
302	949
302	950
302	951
302	795
302	952
302	403
302	760
302	660
302	953
302	769
302	796
302	954
302	866
302	955
302	956
302	957
302	958
302	959
302	580
302	630
302	960
302	740
302	116
302	605
302	931
302	961
302	962
302	303
302	858
302	855
302	791
302	963
302	183
302	837
302	964
302	741
302	379
302	965
302	966
302	163
302	678
302	784
302	967
302	838
302	968
302	536
302	886
302	77
302	969
302	798
302	667
302	904
302	899
302	970
302	971
302	849
302	972
302	973
302	850
302	484
302	652
302	933
302	785
302	974
302	868
302	226
302	815
302	690
302	975
302	976
302	816
302	712
302	429
302	977
302	978
302	979
302	934
302	611
302	980
302	539
302	981
302	547
302	817
302	982
302	840
302	983
302	540
302	984
302	985
302	583
302	860
302	986
302	818
302	935
302	270
302	588
302	799
302	987
302	988
302	762
302	820
302	989
302	990
302	906
302	991
302	992
302	993
302	772
302	994
302	763
302	995
302	121
302	996
302	892
302	746
302	997
302	734
302	998
302	800
302	936
302	691
302	822
302	871
302	999
302	747
302	638
302	486
302	895
302	1000
302	792
302	1001
302	1002
302	1003
302	160
302	594
302	653
302	1004
302	1005
302	1006
302	501
302	823
302	1007
302	1008
302	198
302	1009
302	1010
302	1011
302	938
302	654
302	1012
302	907
302	1013
302	793
302	1014
302	824
302	874
302	1015
302	1016
302	487
302	787
302	1017
302	1018
302	1019
302	922
302	1020
302	1021
302	764
302	655
302	656
302	1022
302	801
302	752
302	1023
302	943
302	753
302	155
302	1024
302	1025
302	827
302	1026
302	852
302	1027
302	1028
302	829
302	670
302	1029
302	495
302	765
302	1030
302	831
302	844
302	794
302	756
302	1031
302	1032
302	1033
302	832
302	757
302	1034
302	1035
302	845
302	802
302	1036
302	887
302	1037
302	1038
302	833
302	1039
302	916
302	778
302	1040
302	1041
302	853
302	1042
302	834
302	1043
302	1044
302	779
302	1045
302	1046
302	835
339	79
339	97
339	283
339	230
339	12
339	111
339	49
339	76
339	51
339	436
339	738
339	329
339	689
339	348
339	890
339	114
339	425
339	515
339	302
339	1047
339	769
339	551
339	929
339	593
339	931
339	303
339	483
339	770
339	791
339	349
339	741
339	805
339	77
339	899
339	148
339	117
339	582
339	485
339	933
339	86
339	761
339	712
339	839
339	611
339	912
339	224
339	446
339	351
339	120
339	177
339	529
339	763
339	178
339	936
339	168
339	748
339	352
339	464
339	774
339	907
339	462
339	122
339	368
339	124
339	764
339	914
339	495
339	765
339	831
339	844
339	794
339	802
339	519
339	16
339	125
339	222
339	1042
339	126
1048	186
1048	310
1048	76
1048	425
1048	581
1048	605
1048	451
1048	349
1048	771
1048	189
1048	148
1048	84
1048	224
1048	594
1048	198
1048	462
1048	123
1048	124
1048	126
948	943
1047	348
1047	302
1047	403
1047	77
1047	772
1047	125
949	9
949	312
949	808
949	302
949	115
949	866
949	630
949	930
949	678
949	667
949	117
949	539
949	762
949	177
949	989
949	168
949	1026
949	898
674	8
674	578
674	76
674	113
674	121
218	982
891	403
891	770
891	932
891	539
891	594
891	127
812	534
812	738
812	879
812	474
812	551
812	303
812	837
812	189
812	445
812	681
812	117
812	935
812	177
812	772
812	121
812	1050
812	487
812	55
921	339
921	183
921	189
921	774
926	451
926	183
926	678
926	189
926	712
926	710
926	177
926	121
926	168
926	221
926	368
952	587
952	733
952	302
952	183
952	77
952	667
952	883
952	868
952	772
952	833
403	474
403	302
403	593
403	183
403	771
403	189
403	117
403	611
403	539
403	372
403	177
403	125
760	186
760	9
760	181
760	593
760	198
760	487
760	55
660	98
660	283
660	400
660	100
660	310
660	181
660	328
660	286
660	50
660	736
660	436
660	738
660	329
660	391
660	113
660	881
660	348
660	846
660	114
660	338
660	425
660	514
660	515
660	651
660	302
660	339
660	218
660	812
660	950
660	952
660	403
660	1054
660	769
660	115
660	551
660	1055
660	1056
660	219
660	303
660	451
660	858
660	855
660	483
660	770
660	963
660	1057
660	932
660	349
660	741
660	379
660	220
660	965
660	163
660	678
660	838
660	886
660	367
660	667
660	850
660	117
660	484
660	485
660	652
660	537
660	742
660	743
660	712
660	538
660	539
660	547
660	224
660	446
660	588
660	762
660	120
660	177
660	993
660	763
660	892
660	773
660	168
660	747
660	638
660	486
660	895
660	792
660	516
660	352
660	1001
660	1003
660	160
660	594
660	353
660	1058
660	198
660	584
660	654
660	122
660	874
660	1018
660	1059
660	655
660	656
660	801
660	753
660	852
660	755
660	775
660	765
660	631
660	1060
660	1033
660	802
660	1061
660	778
660	125
660	222
660	1044
660	126
660	127
1054	689
1054	113
1054	760
1054	681
1054	177
1054	352
953	302
953	630
953	546
953	77
953	868
953	762
953	177
953	1062
953	765
953	777
953	55
769	534
769	302
769	117
769	772
769	168
115	2
115	12
115	736
115	782
115	348
115	224
115	177
115	763
115	122
115	777
115	127
954	425
954	302
954	163
551	97
551	400
551	310
551	861
551	113
551	348
551	890
551	846
551	739
551	425
551	302
551	812
551	403
551	929
551	219
551	1067
551	303
551	909
551	535
551	183
551	1068
551	843
551	148
551	681
551	117
551	485
551	933
551	86
551	539
551	224
551	540
551	710
551	1069
551	177
551	993
551	772
551	121
551	747
551	486
551	516
551	352
551	594
551	749
551	464
551	198
551	1010
551	462
551	1070
551	122
551	1024
551	1060
551	777
551	125
551	126
551	127
866	76
866	738
866	183
866	445
866	681
866	772
866	221
866	198
866	55
955	539
955	177
956	246
956	51
956	736
956	370
956	768
956	113
956	587
956	515
956	302
956	630
956	593
956	379
956	678
956	771
956	117
956	224
956	177
956	198
956	584
956	1050
956	852
956	755
956	758
699	370
699	514
699	593
699	303
699	86
699	594
699	353
699	198
699	584
699	368
1055	989
957	846
957	699
957	445
957	883
957	582
957	611
957	677
927	97
927	400
927	214
927	323
927	310
927	736
927	689
927	391
927	879
927	587
927	846
927	739
927	425
927	514
927	515
927	651
927	302
927	339
927	812
927	403
927	760
927	1054
927	115
927	551
927	958
927	593
927	1072
927	303
927	483
927	770
927	535
927	349
927	183
927	678
927	784
927	189
927	445
927	667
927	117
927	582
927	933
927	1073
927	84
927	761
927	712
927	538
927	539
927	224
927	446
927	372
927	897
927	762
927	120
927	177
927	763
927	786
927	178
927	870
927	168
927	747
927	486
927	516
927	352
927	594
927	221
927	584
927	1074
927	462
927	122
927	487
927	655
927	155
927	755
927	765
927	631
927	1060
927	518
927	777
927	16
927	55
927	758
927	125
927	222
927	126
927	127
958	302
958	183
958	163
958	445
958	798
958	667
958	224
958	177
958	168
959	302
959	667
928	593
928	183
928	886
928	445
928	681
928	582
928	394
928	982
928	869
928	198
928	368
928	55
928	127
580	93
580	738
580	302
580	218
580	403
580	593
580	183
580	805
580	445
580	883
580	582
580	652
580	1075
580	839
580	611
580	539
580	982
580	177
580	178
580	594
580	462
580	487
580	368
580	753
580	844
580	55
580	778
580	127
630	221
929	186
929	53
929	370
929	689
929	114
929	425
929	651
929	339
929	403
929	551
929	678
929	843
929	445
929	117
929	582
929	933
929	761
929	743
929	712
929	839
929	224
929	120
929	177
929	121
929	168
929	221
929	774
929	462
929	368
929	124
929	765
929	518
929	519
929	55
929	125
929	222
929	126
929	127
1076	214
1076	673
1076	167
1076	183
882	881
882	302
882	77
882	462
960	302
960	462
960	794
960	127
1056	329
1056	302
1056	812
1056	403
1056	115
1056	183
1056	582
1056	484
1056	712
1056	224
1056	177
1056	168
1056	160
1056	462
1056	124
1056	1020
1056	518
1056	125
1056	127
848	101
848	182
848	688
848	689
848	515
848	593
848	451
848	349
848	183
848	805
848	177
848	692
848	778
593	782
593	688
593	329
593	689
593	113
593	348
593	425
593	515
593	339
593	303
593	349
593	805
593	485
593	86
593	394
593	761
593	611
593	224
593	446
593	177
593	178
593	168
593	462
593	122
593	368
593	519
593	55
593	758
593	126
1072	283
1072	100
1072	736
1072	436
1072	857
1072	739
1072	218
1072	950
1072	115
1072	551
1072	927
1072	867
1072	483
1072	791
1072	183
1072	367
1072	485
1072	933
1072	710
1072	177
1072	763
1072	871
1072	462
1072	663
1072	487
1072	368
1072	764
1072	753
1072	829
1072	755
1072	519
1072	127
740	97
740	186
740	100
740	6
740	9
740	159
740	76
740	736
740	738
740	329
740	113
740	348
740	338
740	425
740	302
740	403
740	115
740	219
740	303
740	770
740	349
740	183
740	350
740	189
740	445
740	148
740	117
740	86
740	712
740	119
740	839
740	224
740	446
740	351
740	763
740	121
740	198
740	122
740	123
740	368
740	155
740	755
740	777
740	55
740	778
740	125
740	222
740	126
930	403
930	678
930	189
930	681
930	117
930	539
930	982
930	224
930	177
930	221
930	677
930	368
930	826
116	425
116	593
116	485
116	1020
116	125
581	97
581	403
581	115
581	485
581	594
867	100
867	312
867	736
867	857
867	739
867	425
867	810
867	950
867	551
867	958
867	928
867	1072
867	791
867	183
867	678
867	681
867	117
867	582
867	485
867	761
867	224
867	710
867	772
867	121
867	869
867	870
867	871
867	594
867	221
867	198
867	764
867	777
867	519
867	55
867	127
605	97
605	90
605	24
605	75
605	101
605	8
605	83
605	534
605	40
605	312
605	249
605	51
605	736
605	436
605	780
605	329
605	391
605	113
605	348
605	846
605	114
605	338
605	425
605	514
605	515
605	474
605	302
605	403
605	660
605	769
605	116
605	219
605	303
605	451
605	858
605	855
605	349
605	741
605	350
605	379
605	220
605	678
605	784
605	771
605	117
605	485
605	652
605	86
605	84
605	761
605	743
605	119
605	538
605	539
605	224
605	351
605	762
605	120
605	177
605	529
605	772
605	1083
605	786
605	121
605	892
605	178
605	168
605	160
605	594
605	1084
605	353
605	198
605	584
605	774
605	654
605	793
605	462
605	122
605	1018
605	655
605	1026
605	755
605	765
605	518
605	519
605	55
605	1085
605	778
605	125
605	222
605	126
219	97
219	90
219	91
219	102
219	310
219	76
219	51
219	113
219	403
219	350
219	117
219	84
219	119
219	177
219	121
219	168
219	352
219	198
219	462
219	122
219	125
219	222
219	126
931	114
931	302
931	339
931	403
931	770
931	761
931	224
931	772
931	178
931	594
931	1006
931	353
931	221
931	222
931	127
961	12
961	113
961	474
961	302
961	183
961	117
961	224
961	486
961	122
961	222
961	127
962	312
962	329
962	474
962	302
962	403
962	630
962	593
962	183
962	117
962	485
962	86
962	611
962	224
962	750
962	755
962	55
303	310
303	302
303	551
303	681
303	86
303	122
303	631
303	777
909	186
909	100
909	6
909	35
909	181
909	53
909	436
909	391
909	474
909	403
909	760
909	1054
909	551
909	770
909	183
909	445
909	667
909	681
909	712
909	611
909	224
909	710
909	177
909	121
909	486
909	594
909	353
909	198
909	122
909	368
909	755
909	519
909	55
909	125
909	222
909	779
451	736
451	436
451	846
451	349
451	837
451	86
451	392
858	856
858	302
858	1048
858	403
858	866
858	183
858	77
858	445
858	224
858	583
858	55
483	283
483	534
483	689
483	371
483	348
483	403
483	1072
483	116
483	741
483	539
483	762
483	177
483	763
483	774
483	487
483	764
483	753
483	55
770	514
770	551
770	777
770	519
791	400
791	76
791	736
791	436
791	790
791	738
791	329
791	391
791	768
791	587
791	808
791	338
791	425
791	514
791	515
791	302
791	339
791	812
791	403
791	551
791	630
791	1072
791	867
791	535
791	183
791	805
791	784
791	771
791	189
791	445
791	681
791	117
791	582
791	485
791	86
791	394
791	761
791	539
791	224
791	446
791	372
791	177
791	772
791	121
791	178
791	168
791	747
791	748
791	516
791	594
791	198
791	584
791	654
791	462
791	122
791	487
791	368
791	124
791	155
791	755
791	844
791	802
791	55
791	758
791	125
791	222
791	126
791	127
797	782
797	738
797	681
797	270
797	177
535	31
535	557
535	103
535	534
535	44
535	896
535	739
535	425
535	514
535	910
535	809
535	810
535	733
535	769
535	551
535	630
535	116
535	303
535	805
535	220
535	965
535	163
535	784
535	1068
535	189
535	536
535	367
535	899
535	117
535	582
535	537
535	84
535	761
535	839
535	611
535	539
535	981
535	982
535	224
535	177
535	529
535	786
535	178
535	871
535	352
535	594
535	353
535	517
535	1010
535	584
535	774
535	462
535	824
535	123
535	753
535	632
535	775
535	802
535	519
535	16
535	898
535	55
535	833
535	758
535	778
535	125
535	1044
535	126
1057	835
932	425
932	302
932	403
932	349
932	678
932	681
932	221
932	222
349	182
349	515
349	183
349	394
349	168
349	198
546	536
546	120
546	125
183	80
183	113
183	394
183	119
183	372
837	782
837	667
837	177
964	857
964	425
964	302
964	781
964	741
964	583
964	762
741	6
741	736
741	738
741	391
741	113
741	739
741	425
741	302
741	339
741	403
741	660
741	551
741	781
741	605
741	770
741	183
741	379
741	445
741	667
741	117
741	537
741	933
741	539
741	224
741	762
741	177
741	763
741	121
741	178
741	773
741	168
741	638
741	516
741	353
741	198
741	584
741	774
741	462
741	764
741	655
741	801
741	753
741	155
741	755
741	775
741	844
741	777
741	55
741	778
741	222
741	127
741	835
350	90
350	91
350	102
350	230
350	310
350	51
350	113
350	425
350	219
350	451
350	148
350	84
350	119
350	224
350	120
350	121
350	122
350	123
350	519
350	55
350	125
350	222
350	127
1090	97
1090	91
1090	534
1090	51
1090	218
1090	1055
1090	593
1090	219
1090	84
1090	1091
1090	353
1090	155
1092	127
805	425
805	451
805	582
805	224
805	178
379	53
379	246
379	436
379	846
379	514
379	515
379	302
379	660
379	769
379	116
379	219
379	349
379	350
379	163
379	678
379	813
379	117
379	652
379	712
379	224
379	799
379	120
379	892
379	168
379	638
379	160
379	594
379	198
379	774
379	462
379	368
379	752
379	893
379	519
379	778
379	127
220	76
220	348
220	403
220	168
220	775
220	765
220	518
220	125
220	127
965	91
965	31
965	911
965	302
965	1055
965	630
965	303
965	183
965	805
965	163
965	899
965	582
965	178
965	462
965	368
965	55
966	186
966	302
966	183
966	77
966	594
966	198
678	101
678	436
678	766
678	807
678	739
678	945
678	669
678	908
678	515
678	809
678	920
678	811
678	651
678	302
678	949
678	950
678	926
678	403
678	660
678	1054
678	847
678	866
678	956
678	1055
678	927
678	929
678	867
678	605
678	303
678	349
678	183
678	220
678	163
678	784
678	771
678	849
678	229
678	117
678	1094
678	712
678	538
678	539
678	547
678	817
678	446
678	985
678	588
678	992
678	772
678	746
678	773
678	870
678	936
678	691
678	168
678	895
678	748
678	160
678	501
678	353
678	221
678	584
678	1074
678	938
678	917
678	462
678	1050
678	368
678	655
678	1022
678	801
678	752
678	939
678	155
678	827
678	852
678	775
678	765
678	844
678	794
678	1034
678	802
678	55
678	1095
678	916
678	1041
678	834
678	1044
678	127
784	400
784	534
784	436
784	737
784	629
784	768
784	881
784	809
784	302
784	795
784	403
784	1055
784	605
784	909
784	770
784	379
784	163
784	678
784	771
784	445
784	1096
784	148
784	850
784	117
784	86
784	538
784	611
784	539
784	540
784	351
784	762
784	786
784	516
784	783
784	373
784	462
784	1016
784	487
784	656
784	852
784	755
784	802
784	55
784	841
784	1044
1068	348
1068	425
1068	551
1068	770
1068	535
1068	163
1068	224
1068	823
1068	462
1068	777
1068	55
1068	126
1068	127
771	425
771	403
771	678
771	117
771	121
771	353
771	777
771	222
838	302
838	795
838	77
838	445
838	802
843	55
968	302
968	183
968	77
968	177
968	792
968	594
968	353
968	368
536	186
536	400
536	113
536	474
536	302
536	812
536	403
536	630
536	303
536	183
536	117
536	224
536	177
536	121
536	486
536	594
536	1084
536	584
536	907
536	122
536	368
536	893
536	778
536	125
536	127
886	445
886	177
886	832
886	845
886	55
445	444
445	1100
445	759
445	738
445	807
445	856
445	857
445	877
445	371
445	348
445	808
445	894
445	920
445	811
445	947
445	651
445	942
445	812
445	796
445	866
445	957
445	927
445	958
445	928
445	580
445	630
445	929
445	593
445	740
445	909
445	858
445	855
445	791
445	741
445	220
445	163
445	678
445	784
445	838
445	886
445	798
445	970
445	229
445	850
445	1101
445	582
445	484
445	537
445	814
445	868
445	1102
445	816
445	429
445	978
445	539
445	1103
445	547
445	817
445	982
445	984
445	985
445	583
445	762
445	991
445	1104
445	746
445	178
445	870
445	168
445	871
445	747
445	638
445	1000
445	748
445	1001
445	1002
445	1006
445	749
445	1009
445	1074
445	938
445	793
445	1105
445	1106
445	663
445	874
445	1016
445	1020
445	764
445	801
445	943
445	939
445	1026
445	828
445	754
445	670
445	831
445	832
445	845
445	1038
445	833
445	1107
445	1108
445	834
445	1044
445	1109
445	127
445	941
445	835
367	2
367	739
367	303
367	183
367	485
367	753
859	520
859	534
859	856
859	768
859	816
859	224
859	351
859	177
859	519
859	16
859	1038
859	127
859	941
969	302
969	77
798	46
798	515
798	302
798	958
798	593
798	740
798	183
798	189
798	445
798	667
798	933
798	712
798	538
798	892
798	168
798	751
798	764
798	55
667	302
667	539
667	168
667	486
667	775
883	759
883	864
883	911
883	811
883	733
883	760
883	957
883	928
883	580
883	229
883	820
883	638
883	221
883	793
883	874
883	764
883	801
883	939
883	1046
883	835
904	903
904	425
904	812
904	769
904	551
904	770
904	183
904	163
904	117
904	86
904	224
904	1111
904	198
904	368
904	1112
904	758
899	782
899	474
899	403
899	593
899	77
899	539
899	177
899	752
970	302
970	183
970	805
970	163
970	784
970	445
970	667
970	582
970	177
970	529
970	763
970	198
970	368
970	753
970	844
970	55
1115	425
1115	115
1115	189
1115	117
1115	84
1115	119
1115	224
1115	710
1115	177
1115	122
1115	368
1115	632
1115	55
1115	126
1115	127
148	39
148	43
148	782
148	86
148	351
849	534
849	782
849	302
849	183
849	667
849	86
849	221
229	400
229	348
229	474
229	651
229	630
229	678
229	445
229	117
229	121
229	353
229	221
229	464
229	670
229	222
1119	97
1119	736
1119	113
1119	587
1119	348
1119	114
1119	302
1119	115
1119	605
1119	183
1119	117
1119	582
1119	86
1119	119
1119	224
1119	860
1119	177
1119	178
1119	594
1119	198
1119	462
1119	368
1119	753
1119	829
1119	55
1119	125
850	689
850	768
850	587
850	474
850	302
850	403
850	183
850	189
850	536
850	445
850	117
850	761
850	224
850	372
850	710
850	177
850	750
850	751
850	198
681	283
681	400
681	457
681	759
681	807
681	857
681	1120
681	808
681	810
681	812
681	1054
681	551
681	866
681	955
681	927
681	928
681	630
681	930
681	867
681	909
681	791
681	797
681	932
681	229
681	814
681	868
681	978
681	993
681	892
681	869
681	870
681	871
681	747
681	516
681	501
681	1010
681	874
681	1018
681	831
681	1060
681	835
1101	244
1101	782
1101	302
1101	805
1101	445
1101	367
1101	446
1101	772
1101	178
1101	462
1101	368
1101	124
1121	348
1121	846
1121	114
1121	769
1121	115
1121	116
1121	303
1121	899
1121	84
1121	868
1121	224
1121	446
1121	772
1121	178
1121	773
1121	352
1121	462
1121	913
1121	123
1121	755
1121	518
1121	55
1121	125
117	97
117	187
117	310
117	51
117	736
117	629
117	768
117	113
117	425
117	514
117	474
117	302
117	339
117	812
117	403
117	769
117	956
117	930
117	605
117	219
117	961
117	349
117	350
117	805
117	379
117	678
117	771
117	189
117	904
117	119
117	539
117	1103
117	224
117	446
117	897
117	177
117	992
117	772
117	121
117	936
117	168
117	999
117	895
117	516
117	352
117	594
117	353
117	751
117	198
117	584
117	462
117	122
117	368
117	655
117	752
117	852
117	632
117	775
117	757
117	1034
117	125
117	222
117	126
117	127
117	779
1094	43
1094	678
1094	761
1094	120
1094	177
1094	352
582	302
582	445
582	224
582	121
582	178
582	1000
582	462
582	368
582	777
582	1109
484	2
484	283
484	100
484	6
484	534
484	736
484	436
484	861
484	113
484	348
484	425
484	302
484	403
484	115
484	630
484	593
484	451
484	855
484	770
484	183
484	445
484	582
484	484
484	485
484	394
484	839
484	611
484	539
484	762
484	177
484	906
484	763
484	121
484	178
484	168
484	638
484	486
484	584
484	462
484	122
484	123
484	765
484	1085
484	125
484	126
484	127
485	283
485	181
485	534
485	12
485	76
485	736
485	436
485	689
485	739
485	474
485	403
485	115
485	581
485	303
485	770
485	367
485	117
485	582
485	652
485	86
485	712
485	538
485	611
485	539
485	224
485	177
485	763
485	121
485	1111
485	168
485	516
485	594
485	750
485	751
485	198
485	462
485	487
485	852
485	777
485	841
485	127
652	400
652	310
652	40
652	451
652	536
652	539
652	446
652	772
652	168
652	127
652	779
537	400
537	807
537	329
537	535
537	741
537	220
537	163
537	886
537	445
537	933
537	84
537	712
537	839
537	538
537	611
537	539
537	177
537	763
537	168
537	160
537	340
537	518
537	55
537	1085
537	127
933	436
933	689
933	348
933	890
933	515
933	403
933	660
933	115
933	551
933	927
933	593
933	605
933	784
933	77
933	850
933	537
933	712
933	539
933	224
933	763
933	638
933	594
933	122
933	487
933	368
933	794
933	1033
933	519
933	222
785	186
785	400
785	181
785	534
785	737
785	903
785	425
785	515
785	952
785	403
785	551
785	630
785	1122
785	961
785	858
785	770
785	535
785	183
785	741
785	667
785	117
785	86
785	817
785	120
785	772
785	892
785	168
785	638
785	594
785	198
785	462
785	122
785	368
785	755
785	875
785	794
785	802
785	55
785	125
785	126
785	127
86	97
86	400
86	310
86	782
86	113
86	348
86	425
86	551
86	303
86	451
86	899
86	224
86	372
86	351
86	120
86	772
86	121
86	516
86	462
86	122
86	777
86	55
86	125
86	222
86	126
86	127
1073	69
1073	483
742	534
742	736
742	329
742	114
742	338
742	514
742	302
742	403
742	660
742	551
742	593
742	581
742	183
742	117
742	582
742	86
742	119
742	224
742	372
742	177
742	121
742	352
742	594
742	1084
742	198
742	462
742	122
742	368
742	518
742	55
742	127
814	738
814	593
814	189
814	667
814	681
814	177
814	168
814	221
814	487
814	368
814	55
84	97
84	90
84	91
84	102
84	9
84	310
84	534
84	48
84	51
84	113
84	114
84	425
84	769
84	115
84	116
84	219
84	303
84	451
84	349
84	350
84	805
84	446
84	121
84	168
84	352
84	160
84	353
84	517
84	198
84	462
84	123
84	368
84	124
84	519
84	55
84	125
84	222
84	126
868	132
868	400
868	359
868	857
868	948
868	952
868	953
868	956
868	959
868	630
868	882
868	855
868	220
868	681
868	1121
868	974
868	984
868	799
868	177
868	993
868	998
868	1030
868	1060
868	1039
868	1126
1102	445
1102	582
1102	55
761	394
761	224
761	462
226	302
226	55
743	100
743	772
815	738
815	587
815	302
815	183
815	117
815	394
815	761
815	758
975	302
975	183
975	189
975	667
975	540
975	1128
975	584
975	794
976	302
976	551
976	117
976	907
816	77
816	445
816	487
712	534
712	736
712	302
712	339
712	115
712	303
712	77
712	933
712	224
712	177
712	772
712	763
712	168
712	352
712	160
712	353
712	155
712	55
712	1131
712	127
744	100
744	736
744	846
744	451
744	837
744	1090
744	539
744	897
744	762
744	1091
744	773
744	1106
744	758
1075	183
1075	712
429	99
429	302
429	961
429	183
429	77
429	445
429	168
977	302
977	667
978	736
978	302
978	593
978	770
978	183
978	445
978	681
978	117
978	485
978	761
978	224
978	372
978	120
978	177
978	121
978	892
978	516
978	594
978	198
978	584
978	774
978	368
978	55
978	127
979	183
979	224
839	896
839	846
839	425
839	403
839	769
839	115
839	116
839	451
839	855
839	535
839	805
839	117
839	582
839	485
839	611
839	224
839	446
839	177
839	178
839	462
839	123
839	368
839	765
839	518
839	777
538	736
538	689
538	846
538	605
538	303
538	379
538	678
538	189
538	117
538	712
538	539
538	762
538	772
538	745
538	168
538	895
538	487
538	368
538	841
538	127
934	436
934	183
934	189
934	177
934	763
934	221
611	957
611	1133
611	895
539	534
539	684
539	51
539	436
539	391
539	629
539	768
539	113
539	587
539	864
539	890
539	896
539	846
539	114
539	908
539	1135
539	515
539	474
539	810
539	920
539	302
539	339
539	949
539	218
539	950
539	795
539	403
539	959
539	580
539	630
539	930
539	116
539	303
539	855
539	483
539	535
539	349
539	183
539	741
539	678
539	784
539	843
539	77
539	445
539	667
539	883
539	850
539	117
539	582
539	485
539	394
539	1102
539	743
539	712
539	538
539	611
539	224
539	840
539	446
539	372
539	897
539	762
539	177
539	989
539	906
539	745
539	121
539	178
539	998
539	773
539	168
539	999
539	638
539	594
539	1006
539	221
539	584
539	793
539	462
539	122
539	913
539	1016
539	368
539	1136
539	764
539	655
539	1022
539	752
539	943
539	155
539	1137
539	827
539	1026
539	852
539	755
539	775
539	765
539	631
539	844
539	518
539	802
539	16
539	898
539	778
539	125
539	222
539	1044
539	127
539	779
981	302
1103	97
1103	400
1103	436
1103	782
1103	629
1103	348
1103	846
1103	425
1103	474
1103	403
1103	551
1103	593
1103	303
1103	451
1103	855
1103	770
1103	805
1103	163
1103	445
1103	117
1103	582
1103	485
1103	652
1103	86
1103	394
1103	712
1103	611
1103	224
1103	446
1103	120
1103	177
1103	772
1103	763
1103	178
1103	1000
1103	751
1103	123
1103	124
1103	765
1103	631
1103	844
1103	518
1103	55
1103	758
1103	222
1103	126
1103	127
547	371
547	114
547	515
547	302
547	403
547	866
547	303
547	451
547	183
547	805
547	163
547	445
547	667
547	148
547	117
547	582
547	485
547	839
547	224
547	177
547	529
547	178
547	198
547	584
547	774
547	462
547	368
547	124
547	655
547	844
547	55
547	778
547	125
547	222
547	126
547	127
817	738
817	733
817	302
817	445
817	667
982	150
982	50
982	436
982	790
982	688
982	689
982	391
982	881
982	114
982	810
982	733
982	302
982	218
982	950
982	660
982	115
982	630
982	930
982	855
982	535
982	183
982	1090
982	843
982	445
982	582
982	611
982	539
982	984
982	270
982	987
982	177
982	993
982	1104
982	763
982	121
982	997
982	1111
982	822
982	516
982	160
982	353
982	938
982	373
982	824
982	1106
982	913
982	764
982	752
982	829
982	1060
982	518
982	1033
982	898
982	55
982	833
982	1039
982	125
982	940
982	834
643	310
643	642
643	83
643	12
643	219
643	117
643	121
643	352
643	353
643	632
643	1034
224	186
224	310
224	13
224	768
224	302
224	1054
224	551
224	958
224	116
224	451
224	183
224	1115
224	148
224	117
224	86
224	394
224	761
224	351
224	178
224	352
224	750
224	198
224	777
224	55
224	758
840	115
840	394
983	302
983	183
983	895
446	186
446	652
446	224
446	772
540	302
540	86
540	487
540	127
984	445
984	121
984	55
985	97
985	80
985	782
985	329
985	768
985	587
985	846
985	302
985	812
985	535
985	183
985	350
985	678
985	445
985	667
985	117
985	652
985	86
985	394
985	761
985	539
985	224
985	372
985	762
985	177
985	121
985	773
985	638
985	221
985	198
985	677
985	462
985	368
985	155
985	755
985	756
985	518
985	55
985	222
985	127
583	738
583	733
583	302
583	218
583	855
583	1057
583	964
583	445
583	270
583	869
583	487
583	55
583	833
583	835
860	310
860	856
860	302
860	115
860	485
860	177
860	1111
860	751
860	758
860	127
986	302
986	594
818	782
818	738
818	811
818	733
818	302
818	581
818	183
818	189
818	77
818	445
818	667
818	820
818	529
818	638
818	793
818	487
675	1
675	17
675	58
675	89
675	128
675	231
675	234
675	157
675	356
675	377
675	396
675	201
675	186
675	98
675	171
675	478
675	671
675	61
675	466
675	502
675	491
675	80
675	407
675	558
675	6
675	450
675	401
675	541
675	557
675	7
675	672
675	472
675	617
675	35
675	207
675	8
675	36
675	196
675	197
675	106
675	243
675	37
675	9
675	107
675	408
675	504
675	562
675	578
675	45
675	10
675	209
675	70
675	673
675	278
675	416
675	14
675	48
675	376
675	286
675	112
675	331
675	147
675	76
675	332
935	587
935	371
935	514
935	515
935	302
935	593
935	855
935	183
935	784
935	667
935	120
935	529
935	121
935	892
935	221
935	750
935	751
935	755
935	844
935	1034
935	777
270	97
270	310
270	534
270	736
270	780
270	329
270	689
270	391
270	629
270	768
270	348
270	846
270	338
270	425
270	910
270	302
270	339
270	218
270	403
270	115
270	551
270	593
270	116
270	581
270	303
270	451
270	770
270	797
270	349
270	183
270	350
270	379
270	784
270	77
270	667
270	117
270	582
270	485
270	933
270	84
270	761
270	226
270	712
270	839
270	539
270	817
270	224
270	446
270	372
270	583
270	120
270	177
270	991
270	763
270	178
270	773
270	168
270	516
270	352
270	501
270	353
270	464
270	584
270	938
270	462
270	122
270	487
270	787
270	1144
270	124
270	764
270	655
270	753
270	1145
270	519
270	16
270	55
270	1038
270	778
270	125
270	222
270	1146
270	126
270	127
799	370
799	769
799	593
799	581
799	855
799	784
799	667
799	148
799	168
799	487
799	368
799	841
799	127
897	534
897	846
897	760
897	1055
897	116
897	611
897	539
897	446
897	762
897	745
897	773
897	516
987	400
987	736
987	846
987	302
987	218
987	630
987	77
987	667
987	538
987	763
987	826
987	757
988	302
988	183
988	582
988	121
988	125
762	738
762	846
762	302
762	403
762	115
762	189
762	77
762	445
762	667
762	117
762	933
762	611
762	539
762	897
762	177
762	763
762	786
762	773
762	168
762	999
762	352
762	462
762	775
762	631
762	55
762	841
762	125
762	126
762	127
120	95
120	150
120	97
120	100
120	37
120	9
120	310
120	48
120	51
120	391
120	629
120	113
120	348
120	425
120	339
120	219
120	303
120	451
120	805
120	148
120	84
120	119
120	224
120	710
120	351
120	121
120	516
120	352
120	122
120	519
120	758
120	125
120	222
120	126
177	186
177	736
177	782
177	629
177	474
177	403
177	115
177	958
177	117
177	485
177	933
177	761
177	539
177	224
177	763
177	121
177	1007
177	122
177	776
177	841
177	125
177	127
177	779
820	400
820	738
820	688
820	809
820	733
820	302
820	115
820	1055
820	593
820	1057
820	445
820	798
820	667
820	868
820	934
820	818
820	462
820	829
529	774
991	97
991	534
991	329
991	689
991	113
991	348
991	425
991	302
991	593
991	116
991	349
991	741
991	445
991	899
991	148
991	582
991	86
991	761
991	539
991	224
991	446
991	372
991	270
991	177
991	121
991	178
991	352
991	160
991	353
991	584
991	122
991	123
991	368
991	124
991	777
991	55
991	222
991	126
991	127
992	246
992	768
992	113
992	425
992	515
992	302
992	403
992	956
992	349
992	183
992	350
992	379
992	220
992	678
992	771
992	189
992	77
992	117
992	582
992	485
992	119
992	611
992	539
992	224
992	446
992	177
992	772
992	1149
992	353
992	198
992	584
992	462
992	122
992	368
992	124
992	852
992	755
992	1035
992	1150
992	125
992	222
993	400
993	329
993	857
993	113
993	587
993	733
993	302
993	218
993	660
993	551
993	630
993	219
993	932
993	183
993	77
993	148
993	681
993	86
993	868
993	712
993	446
993	177
993	763
993	892
993	516
993	802
993	1038
993	222
993	1042
993	127
772	782
772	348
772	846
772	403
772	1054
772	115
772	551
772	117
772	582
772	652
772	86
772	224
772	121
772	122
772	368
772	126
994	302
994	77
994	761
994	824
745	72
745	736
745	425
745	515
745	593
745	303
745	483
745	770
745	349
745	183
745	77
745	117
745	582
745	839
745	538
745	539
745	121
745	178
745	55
745	778
745	222
745	126
745	127
1104	587
1104	920
1104	218
1104	183
1104	844
1104	55
1083	177
763	283
763	736
763	436
763	857
763	348
763	302
763	403
763	115
763	958
763	1072
763	740
763	483
763	741
763	367
763	798
763	485
763	537
763	933
763	761
763	712
763	611
763	224
763	987
763	762
763	177
763	168
763	638
763	160
763	487
763	1018
763	764
763	655
763	753
763	775
763	518
763	777
763	55
763	841
763	125
763	127
851	183
851	764
786	26
786	230
786	736
786	436
786	782
786	737
786	807
786	689
786	629
786	348
786	846
786	338
786	425
786	908
786	515
786	403
786	660
786	866
786	927
786	1072
786	581
786	605
786	219
786	770
786	535
786	350
786	163
786	784
786	117
786	485
786	761
786	712
786	539
786	224
786	446
786	935
786	1069
786	897
786	762
786	177
786	992
786	121
786	178
786	773
786	691
786	516
786	594
786	353
786	677
786	373
786	793
786	462
786	122
786	943
786	829
786	670
786	755
786	775
786	802
786	777
786	16
786	55
786	222
786	127
121	83
121	113
121	224
121	177
121	758
121	222
682	900
682	902
892	400
892	53
892	534
892	436
892	629
892	348
892	846
892	114
892	338
892	425
892	514
892	515
892	302
892	948
892	403
892	660
892	115
892	699
892	593
892	219
892	303
892	770
892	349
892	183
892	741
892	379
892	536
892	148
892	681
892	117
892	485
892	785
892	86
892	712
892	119
892	978
892	538
892	224
892	446
892	935
892	351
892	177
892	993
892	772
892	121
892	691
892	168
892	638
892	516
892	352
892	160
892	594
892	1004
892	1006
892	464
892	198
892	584
892	774
892	462
892	122
892	874
892	368
892	1018
892	124
892	1020
892	752
892	755
892	775
892	765
892	518
892	777
892	16
892	55
892	758
892	778
892	125
892	127
746	400
746	736
746	436
746	370
746	348
746	846
746	114
746	425
746	302
746	339
746	115
746	781
746	349
746	741
746	678
746	77
746	445
746	148
746	117
746	582
746	485
746	86
746	761
746	119
746	539
746	224
746	177
746	989
746	529
746	121
746	747
746	160
746	464
746	1058
746	750
746	774
746	462
746	122
746	487
746	368
746	155
746	755
746	765
746	518
746	519
746	16
746	55
746	758
746	125
746	222
746	1109
746	126
1062	763
178	100
178	102
178	103
178	534
178	436
178	370
178	688
178	348
178	896
178	846
178	114
178	425
178	115
178	957
178	580
178	593
178	116
178	303
178	770
178	535
178	805
178	220
178	965
178	445
178	367
178	899
178	148
178	1119
178	1101
178	1121
178	582
178	484
178	611
178	539
178	1103
178	224
178	446
178	710
178	177
178	529
178	772
178	763
178	1111
178	638
178	352
178	1058
178	462
178	663
178	123
178	368
178	124
178	943
178	753
178	765
178	518
178	757
178	777
178	55
178	125
178	126
869	736
869	857
869	425
869	811
869	733
869	115
869	928
869	593
869	867
869	183
869	667
869	681
869	117
869	86
869	744
869	224
869	583
869	177
869	772
869	121
869	1157
869	751
869	198
869	654
869	368
869	777
869	55
869	127
734	733
734	302
734	183
734	77
734	529
734	198
734	793
734	462
1111	736
1111	113
1111	371
1111	348
1111	808
1111	846
1111	425
1111	218
1111	403
1111	219
1111	451
1111	535
1111	350
1111	805
1111	220
1111	163
1111	904
1111	117
1111	485
1111	537
1111	224
1111	762
1111	177
1111	763
1111	178
1111	198
1111	802
1111	55
1111	222
1111	127
998	302
1157	224
1157	121
821	736
821	738
821	712
821	224
821	654
821	487
821	655
821	794
800	97
800	369
800	684
800	76
800	51
800	736
800	370
800	113
800	371
800	348
800	425
800	302
800	403
800	115
800	303
800	183
800	1160
800	117
800	224
800	446
800	799
800	762
800	177
800	178
800	486
800	594
800	584
800	373
800	155
800	756
800	55
800	803
800	125
800	222
800	126
800	127
870	445
870	681
870	1018
870	55
936	51
936	846
936	474
936	302
936	339
936	812
936	950
936	403
936	630
936	770
936	805
936	678
936	117
936	539
936	224
936	710
936	177
936	772
936	486
936	594
936	1006
936	221
936	198
936	127
1128	212
1128	368
1128	55
691	302
691	177
691	221
691	462
937	691
822	738
822	302
822	218
822	855
822	582
822	86
822	177
822	906
822	178
168	97
168	90
168	102
168	310
168	53
168	534
168	51
168	113
168	348
168	846
168	114
168	425
168	515
168	339
168	403
168	769
168	115
168	593
168	116
168	219
168	303
168	770
168	349
168	741
168	350
168	220
168	117
168	582
168	485
168	84
168	712
168	538
168	446
168	372
168	120
168	177
168	772
168	763
168	352
168	160
168	353
168	584
168	462
168	122
168	368
168	801
168	155
168	632
168	775
168	631
168	518
168	125
168	222
168	126
168	127
871	782
871	857
871	733
871	302
871	303
871	445
871	667
871	681
871	446
871	987
871	529
999	534
999	114
999	302
999	403
999	445
999	667
999	681
999	117
999	539
999	224
999	122
999	777
999	55
999	125
999	127
872	857
872	733
872	753
747	230
747	329
747	113
747	903
747	425
747	474
747	302
747	403
747	551
747	958
747	770
747	183
747	350
747	163
747	445
747	148
747	681
747	117
747	539
747	224
747	710
747	351
747	177
747	772
747	121
747	168
747	895
747	353
747	462
747	122
747	487
747	368
747	155
747	1037
747	55
747	125
747	222
747	126
747	127
638	230
638	736
638	370
638	807
638	329
638	587
638	881
638	348
638	114
638	865
638	515
638	918
638	811
638	302
638	795
638	956
638	1076
638	593
638	740
638	855
638	183
638	741
638	379
638	771
638	445
638	667
638	850
638	117
638	582
638	484
638	652
638	712
638	611
638	818
638	177
638	763
638	121
638	892
638	178
638	822
638	486
638	655
638	656
638	752
638	943
638	827
638	829
638	765
638	844
638	794
638	756
638	802
638	898
638	55
638	1108
638	127
486	97
486	391
486	425
486	515
486	302
486	605
486	303
486	117
486	485
486	712
486	119
486	539
486	224
486	177
486	786
486	121
486	638
486	352
486	160
486	594
486	198
486	584
486	462
486	122
486	368
486	778
486	125
486	127
895	736
895	436
895	371
895	302
895	795
895	660
895	303
895	678
895	538
895	539
895	983
895	762
895	763
895	1111
895	487
1000	771
792	738
792	733
792	302
792	593
792	163
792	445
792	582
792	763
792	870
792	922
792	55
792	127
748	186
748	329
748	689
748	302
748	795
748	660
748	769
748	593
748	183
748	741
748	379
748	678
748	77
748	445
748	899
748	582
748	839
748	224
748	772
748	178
748	1006
748	198
748	844
516	97
516	312
516	436
516	338
516	514
516	403
516	115
516	303
516	784
516	117
516	119
516	978
516	982
516	224
516	540
516	762
516	120
516	177
516	763
516	121
516	892
516	168
516	486
516	352
516	594
516	353
516	750
516	198
516	462
516	122
516	368
516	755
516	518
516	777
516	1126
516	125
516	222
516	126
516	127
352	97
352	90
352	6
352	310
352	534
352	51
352	391
352	113
352	114
352	515
352	403
352	769
352	551
352	116
352	219
352	303
352	451
352	183
352	350
352	899
352	1121
352	117
352	84
352	119
352	224
352	710
352	120
352	121
352	178
352	168
352	486
352	516
352	353
352	198
352	584
352	462
352	123
352	368
352	124
352	632
352	755
352	392
352	518
352	777
352	16
352	55
352	778
352	125
352	222
352	126
1001	302
1001	445
1001	582
633	131
633	93
633	246
1002	629
1002	768
1002	338
1002	425
1002	302
1002	403
1002	183
1002	445
1002	667
1002	117
1002	485
1002	224
1002	372
1002	122
1002	758
1003	689
1003	908
1003	733
1003	302
1003	630
1003	593
1003	581
1003	349
1003	741
1003	163
1003	77
1003	177
1003	746
1003	748
1003	594
1003	1006
1003	751
1003	874
1003	887
1003	898
1003	1061
332	157
332	8
332	107
332	43
332	70
332	143
332	14
160	91
160	92
160	37
160	534
160	328
160	436
160	391
160	896
160	114
160	514
160	651
160	302
160	218
160	951
160	795
160	660
160	769
160	1055
160	1056
160	605
160	303
160	1092
160	678
160	843
160	850
160	1165
160	537
160	933
160	84
160	743
160	712
160	980
160	643
160	446
160	540
160	588
160	906
160	892
160	168
160	501
160	353
160	464
160	907
160	462
160	368
160	1020
160	655
160	943
160	632
160	775
160	765
160	631
160	340
160	1033
160	802
160	125
160	1044
160	127
594	9
594	736
594	766
594	768
594	514
594	302
594	699
594	379
594	117
594	582
594	119
594	539
594	224
594	486
594	516
594	198
594	462
594	368
594	893
594	778
653	271
653	97
653	283
653	181
653	736
653	391
653	113
653	114
653	425
653	302
653	403
653	769
653	219
653	303
653	451
653	770
653	349
653	805
653	667
653	117
653	485
653	933
653	86
653	761
653	712
653	539
653	224
653	372
653	177
653	763
653	121
653	178
653	168
653	747
653	486
653	516
653	352
653	160
653	353
653	198
653	584
653	774
653	793
653	462
653	368
653	1168
653	55
653	125
653	222
653	1044
653	126
653	127
1004	400
1004	551
1004	866
1004	183
1004	189
1004	86
1004	177
1004	892
1004	594
1004	353
1004	198
1004	55
1004	125
1084	594
1005	302
1005	77
1006	780
1006	808
1006	551
1006	866
1006	931
1006	183
1006	445
1006	667
1006	539
1006	224
1006	177
1006	529
1006	892
1006	936
1006	748
1006	584
1006	462
1006	1106
1006	825
1006	655
1006	827
1006	777
501	97
501	310
501	53
501	51
501	391
501	629
501	768
501	113
501	371
501	348
501	338
501	425
501	514
501	474
501	403
501	760
501	1054
501	769
501	115
501	593
501	581
501	219
501	349
501	183
501	805
501	678
501	771
501	189
501	681
501	117
501	582
501	761
501	712
501	224
501	446
501	372
501	270
501	177
501	772
501	121
501	168
501	486
501	516
501	352
501	160
501	594
501	1084
501	1007
501	517
501	198
501	677
501	462
501	122
501	1020
501	655
501	155
501	893
501	775
501	794
501	392
501	518
501	777
501	55
501	758
501	125
501	222
501	126
501	127
501	779
353	97
353	90
353	98
353	91
353	391
353	768
353	515
353	218
353	219
353	220
353	678
353	771
353	117
353	84
353	121
353	168
353	352
353	160
353	462
353	155
353	632
353	775
353	392
353	125
353	222
353	127
221	302
221	678
221	933
749	64
749	736
749	370
749	391
749	760
749	928
749	580
749	303
749	535
749	183
749	189
749	229
749	484
749	537
749	539
749	177
749	870
823	422
823	910
823	733
823	302
823	189
823	127
464	886
464	539
464	749
1058	111
1058	436
1058	451
1058	220
1058	445
1058	84
1058	462
1058	123
1007	302
1007	812
1007	667
1007	177
1007	892
1007	160
1007	501
1007	913
517	425
517	514
517	116
517	303
517	86
517	352
517	594
517	464
517	123
750	224
750	372
750	516
750	777
751	97
751	736
751	329
751	768
751	338
751	515
751	474
751	403
751	593
751	189
751	117
751	485
751	394
751	539
751	224
751	177
751	594
751	584
751	125
751	127
198	230
198	117
198	177
198	121
1009	53
1009	302
1009	183
1009	445
1009	86
1009	368
1009	55
1010	425
1010	302
1010	551
1010	770
1010	535
1010	681
1010	224
1010	540
1010	462